Packet;Start Time;End Time;Data;End Delimiter;Valid;Packet Time
1;-20,969944814773157;-20,968254398103795;00001;LF;1;0,0016904166693620937
2;-20,93819881485331;-20,93622239818467;-00001;LF;1;0,001976416668640013
3;-20,90611581493431;-20,904425398264948;00001;LF;1;0,0016904166693620937
4;-20,87436981501446;-20,87239339834582;-00001;LF;1;0,001976416668640013
5;-20,842285815095465;-20,840595398426103;00001;LF;1;0,0016904166693620937
6;-20,810539815175616;-20,808563398506976;-00001;LF;1;0,001976416668640013
7;-20,778456815256618;-20,776766398587256;00001;LF;1;0,0016904166693620937
8;-20,74671081533677;-20,74473439866813;-00001;LF;1;0,001976416668640013
9;-20,714626815417773;-20,71293639874841;00001;LF;1;0,0016904166693620937
10;-20,682880815497924;-20,680904398829284;-00001;LF;1;0,001976416668640013
11;-20,65079681557893;-20,649106398909566;00001;LF;1;0,0016904166693620937
12;-20,619051815659077;-20,617075398990437;-00001;LF;1;0,001976416668640013
13;-20,58696781574008;-20,58527739907072;00001;LF;1;0,0016904166693620937
14;-20,555221815820232;-20,553245399151592;-00001;LF;1;0,001976416668640013
15;-20,523137815901237;-20,521447399231874;00001;LF;1;0,0016904166693620937
16;-20,491392815981385;-20,489416399312745;-00001;LF;1;0,001976416668640013
17;-20,45930881606239;-20,457618399393027;00001;LF;1;0,0016904166693620937
18;-20,42756281614254;-20,4255863994739;-00001;LF;1;0,001976416668640013
19;-20,395478816223545;-20,393788399554182;00001;LF;1;0,0016904166693620937
20;-20,363733816303693;-20,361757399635053;-00001;LF;1;0,001976416668640013
21;-20,331649816384697;-20,329959399715335;00001;LF;1;0,0016904166693620937
22;-20,299903816464848;-20,297927399796208;-00001;LF;1;0,001976416668640013
23;-20,267819816545853;-20,26612939987649;00001;LF;1;0,0016904166693620937
24;-20,236073816626003;-20,234097399957363;-00001;LF;1;0,001976416668640013
25;-20,203990816707005;-20,202300400037643;00001;LF;1;0,0016904166693620937
26;-20,172244816787156;-20,170268400118516;-00001;LF;1;0,001976416668640013
27;-20,14016081686816;-20,1384704001988;00001;LF;1;0,0016904166693620937
28;-20,10841481694831;-20,10643840027967;-00001;LF;1;0,001976416668640013
29;-20,076331817029313;-20,07464140035995;00001;LF;1;0,0016904166693620937
30;-20,044585817109464;-20,042609400440824;-00001;LF;1;0,001976416668640013
31;-20,01250181719047;-20,010811400521106;00001;LF;1;0,0016904166693620937
32;-19,98075581727062;-19,97877940060198;-00001;LF;1;0,001976416668640013
33;-19,948671817351624;-19,94698140068226;00001;LF;1;0,0016904166693620937
34;-19,916926817431772;-19,914950400763132;-00001;LF;1;0,001976416668640013
35;-19,884842817512776;-19,883152400843414;00001;LF;1;0,0016904166693620937
36;-19,853096817592927;-19,851120400924287;-00001;LF;1;0,001976416668640013
37;-19,82101281767393;-19,81932240100457;00001;LF;1;0,0016904166693620937
38;-19,78926781775408;-19,78729140108544;-00001;LF;1;0,001976416668640013
39;-19,757183817835084;-19,755493401165722;00001;LF;1;0,0016904166693620937
40;-19,725437817915235;-19,723461401246595;-00001;LF;1;0,001976416668640013
41;-19,69335381799624;-19,691663401326878;00001;LF;1;0,0016904166693620937
42;-19,66160781807639;-19,65963140140775;-00001;LF;1;0,001976416668640013
43;-19,629524818157392;-19,62783440148803;00001;LF;1;0,0016904166693620937
44;-19,597778818237543;-19,595802401568903;-00001;LF;1;0,001976416668640013
45;-19,565694818318548;-19,564004401649186;00001;LF;1;0,0016904166693620937
46;-19,5339488183987;-19,53197240173006;-00001;LF;1;0,001976416668640013
47;-19,5018658184797;-19,50017540181034;00001;LF;1;0,0016904166693620937
48;-19,47011981855985;-19,46814340189121;-00001;LF;1;0,001976416668640013
49;-19,438035818640856;-19,436345401971494;00001;LF;1;0,0016904166693620937
50;-19,406289818721007;-19,404313402052367;-00001;LF;1;0,001976416668640013
51;-19,37420581880201;-19,37251540213265;00001;LF;1;0,0016904166693620937
52;-19,34246081888216;-19,34048440221352;-00001;LF;1;0,001976416668640013
53;-19,310376818963164;-19,3086864022938;00001;LF;1;0,0016904166693620937
54;-19,278630819043315;-19,276654402374675;-00001;LF;1;0,001976416668640013
55;-19,24654681912432;-19,244856402454957;00001;LF;1;0,0016904166693620937
56;-19,214801819204467;-19,212825402535827;-00001;LF;1;0,001976416668640013
57;-19,18271781928547;-19,18102740261611;00001;LF;1;0,0016904166693620937
58;-19,150971819365623;-19,148995402696983;-00001;LF;1;0,001976416668640013
59;-19,118887819446627;-19,117197402777265;00001;LF;1;0,0016904166693620937
60;-19,087141819526778;-19,085166402858135;-00001;LF;1;0,001975416668642538
61;-19,05505881960778;-19,053368402938418;00001;LF;1;0,0016904166693620937
62;-19,02331281968793;-19,02133640301929;-00001;LF;1;0,001976416668640013
63;-18,991228819768935;-18,989538403099573;00001;LF;1;0,0016904166693620937
64;-18,959482819849086;-18,957506403180446;-00001;LF;1;0,001976416668640013
65;-18,927399819930088;-18,925709403260726;00001;LF;1;0,0016904166693620937
66;-18,89565382001024;-18,8936774033416;-00001;LF;1;0,001976416668640013
67;-18,863569820091243;-18,86187940342188;00001;LF;1;0,0016904166693620937
68;-18,831771820171525;-18,830081403502163;00000;LF;1;0,0016904166693620937
69;-18,799974820251805;-18,798284403582443;00000;LF;1;0,0016904166693620937
70;-18,768176820332087;-18,766486403662725;00000;LF;1;0,0016904166693620937
71;-18,736430820412238;-18,734454403743598;-00001;LF;1;0,001976416668640013
72;-18,704346820493242;-18,70265640382388;00001;LF;1;0,0016904166693620937
73;-18,672600820573393;-18,670624403904753;-00001;LF;1;0,001976416668640013
74;-18,640517820654395;-18,638827403985033;00000;LF;1;0,0016904166693620937
75;-18,608771820734546;-18,606795404065906;-00001;LF;1;0,001976416668640013
76;-18,57668782081555;-18,57499740414619;00001;LF;1;0,0016904166693620937
77;-18,5449418208957;-18,54296540422706;-00001;LF;1;0,001976416668640013
78;-18,512858820976703;-18,51116840430734;00000;LF;1;0,0016904166693620937
79;-18,481112821056854;-18,479136404388214;-00001;LF;1;0,001976416668640013
80;-18,44902882113786;-18,447338404468496;00001;LF;1;0,0016904166693620937
81;-18,41728282121801;-18,41530640454937;-00001;LF;1;0,001976416668640013
82;-18,385198821299014;-18,38350840462965;00001;LF;1;0,0016904166693620937
83;-18,353453821379162;-18,351477404710522;-00001;LF;1;0,001976416668640013
84;-18,321369821460166;-18,319679404790804;00001;LF;1;0,0016904166693620937
85;-18,289623821540317;-18,287647404871677;-00001;LF;1;0,001976416668640013
86;-18,25753982162132;-18,25584940495196;00001;LF;1;0,0016904166693620937
87;-18,22579482170147;-18,22381840503283;-00001;LF;1;0,001976416668640013
88;-18,193710821782474;-18,192020405113112;00001;LF;1;0,0016904166693620937
89;-18,161964821862625;-18,159988405193985;-00001;LF;1;0,001976416668640013
90;-18,12988082194363;-18,128190405274268;00000;LF;1;0,0016904166693620937
91;-18,098082822023912;-18,09639240535455;00000;LF;1;0,0016904166693620937
92;-18,06633782210406;-18,06436140543542;-00001;LF;1;0,001976416668640013
93;-18,034253822185065;-18,032563405515702;00001;LF;1;0,0016904166693620937
94;-18,002507822265216;-18,000531405596575;-00001;LF;1;0,001976416668640013
95;-17,97042382234622;-17,968733405676858;00001;LF;1;0,0016904166693620937
96;-17,93867882242637;-17,93670240575773;-00001;LF;1;0,001976416668640013
97;-17,906594822507373;-17,90490440583801;00000;LF;1;0,0016904166693620937
98;-17,874848822587524;-17,872872405918883;-00001;LF;1;0,001976416668640013
99;-17,842764822668528;-17,841074405999166;00001;LF;1;0,0016904166693620937
100;-17,81101882274868;-17,809043406080036;-00001;LF;1;0,001975416668642538
101;-17,77893582282968;-17,77724540616032;00001;LF;1;0,0016904166693620937
102;-17,74718982290983;-17,74521340624119;-00001;LF;1;0,001976416668640013
103;-17,715105822990836;-17,713415406321474;00001;LF;1;0,0016904166693620937
104;-17,683359823070987;-17,681383406402347;-00001;LF;1;0,001976416668640013
105;-17,65127682315199;-17,649586406482626;00001;LF;1;0,0016904166693620937
106;-17,61953082323214;-17,6175544065635;-00001;LF;1;0,001976416668640013
107;-17,587446823313144;-17,58575640664378;00001;LF;1;0,0016904166693620937
108;-17,555700823393295;-17,553724406724655;-00001;LF;1;0,001976416668640013
109;-17,523617823474297;-17,521927406804934;00001;LF;1;0,0016904166693620937
110;-17,491871823554447;-17,489895406885807;-00001;LF;1;0,001976416668640013
111;-17,459787823635452;-17,45809740696609;00001;LF;1;0,0016904166693620937
112;-17,428041823715603;-17,426065407046963;-00001;LF;1;0,001976416668640013
113;-17,395957823796607;-17,394267407127245;00001;LF;1;0,0016904166693620937
114;-17,364212823876755;-17,362236407208115;-00001;LF;1;0,001976416668640013
115;-17,33212882395776;-17,330438407288398;00001;LF;1;0,0016904166693620937
116;-17,30038282403791;-17,29840640736927;-00001;LF;1;0,001976416668640013
117;-17,268298824118915;-17,266608407449553;00001;LF;1;0,0016904166693620937
118;-17,236553824199063;-17,234577407530423;-00001;LF;1;0,001976416668640013
119;-17,204469824280068;-17,202779407610706;00001;LF;1;0,0016904166693620937
120;-17,17272382436022;-17,17074740769158;-00001;LF;1;0,001976416668640013
121;-17,140639824441223;-17,13894940777186;00001;LF;1;0,0016904166693620937
122;-17,108893824521374;-17,106917407852734;-00001;LF;1;0,001976416668640013
123;-17,076810824602376;-17,075120407933014;00001;LF;1;0,0016904166693620937
124;-17,045064824682527;-17,043088408013887;-00001;LF;1;0,001976416668640013
125;-17,01298082476353;-17,01129040809417;00001;LF;1;0,0016904166693620937
126;-16,981234824843682;-16,979258408175042;-00001;LF;1;0,001976416668640013
127;-16,949151824924684;-16,94746140825532;00001;LF;1;0,0016904166693620937
128;-16,917405825004835;-16,915429408336195;-00001;LF;1;0,001976416668640013
129;-16,88532182508584;-16,883631408416477;00000;LF;1;0,0016904166693620937
130;-16,85357582516599;-16,85159940849735;-00001;LF;1;0,001976416668640013
131;-16,821491825246994;-16,819801408577632;00001;LF;1;0,0016904166693620937
132;-16,789746825327143;-16,787770408658503;-00001;LF;1;0,001976416668640013
133;-16,757662825408147;-16,755972408738785;00001;LF;1;0,0016904166693620937
134;-16,725916825488298;-16,723940408819658;-00001;LF;1;0,001976416668640013
135;-16,693832825569302;-16,69214240889994;00000;LF;1;0,0016904166693620937
136;-16,662035825649582;-16,66034540898022;00000;LF;1;0,0016904166693620937
137;-16,630289825729733;-16,628313409061093;-00001;LF;1;0,001976416668640013
138;-16,598205825810737;-16,596515409141375;00001;LF;1;0,0016904166693620937
139;-16,566459825890888;-16,564483409222248;-00001;LF;1;0,001976416668640013
140;-16,53437682597189;-16,532686409302528;00001;LF;1;0,0016904166693620937
141;-16,50263082605204;-16,5006544093834;-00001;LF;1;0,001976416668640013
142;-16,470546826133045;-16,468856409463683;00001;LF;1;0,0016904166693620937
143;-16,438800826213196;-16,436824409544556;-00001;LF;1;0,001976416668640013
144;-16,4067168262942;-16,40502640962484;00000;LF;1;0,0016904166693620937
145;-16,37497182637435;-16,37299540970571;-00001;LF;1;0,001976416668640013
146;-16,342887826455353;-16,34119740978599;00001;LF;1;0,0016904166693620937
147;-16,311141826535504;-16,309165409866864;-00001;LF;1;0,001976416668640013
148;-16,27905782661651;-16,277367409947146;00001;LF;1;0,0016904166693620937
149;-16,247312826696657;-16,245336410028017;-00001;LF;1;0,001976416668640013
150;-16,21522882677766;-16,2135384101083;00001;LF;1;0,0016904166693620937
151;-16,183482826857812;-16,181506410189172;-00001;LF;1;0,001976416668640013
152;-16,151398826938816;-16,149708410269454;00001;LF;1;0,0016904166693620937
153;-16,119652827018967;-16,117676410350327;-00001;LF;1;0,001976416668640013
154;-16,08756982709997;-16,085879410430607;00001;LF;1;0,0016904166693620937
155;-16,05582382718012;-16,05384741051148;-00001;LF;1;0,001976416668640013
156;-16,023739827261124;-16,022049410591762;00001;LF;1;0,0016904166693620937
157;-15,991993827341275;-15,990017410672635;-00001;LF;1;0,001976416668640013
158;-15,959910827422277;-15,958220410752915;00000;LF;1;0,0016904166693620937
159;-15,928164827502428;-15,926188410833788;-00001;LF;1;0,001976416668640013
160;-15,896080827583432;-15,89439041091407;00000;LF;1;0,0016904166693620937
161;-15,864282827663715;-15,862592410994353;00000;LF;1;0,0016904166693620937
162;-15,832536827743866;-15,830560411075226;-00001;LF;1;0,001976416668640013
163;-15,800453827824867;-15,798763411155505;00001;LF;1;0,0016904166693620937
164;-15,768707827905018;-15,766731411236378;-00001;LF;1;0,001976416668640013
165;-15,736623827986023;-15,73493341131666;00000;LF;1;0,0016904166693620937
166;-15,704877828066174;-15,702901411397534;-00001;LF;1;0,001976416668640013
167;-15,672794828147175;-15,671104411477813;00000;LF;1;0,0016904166693620937
168;-15,641048828227326;-15,639072411558686;-00001;LF;1;0,001976416668640013
169;-15,60896482830833;-15,607274411638969;00001;LF;1;0,0016904166693620937
170;-15,577218828388482;-15,575242411719842;-00001;LF;1;0,001976416668640013
171;-15,545134828469486;-15,543444411800124;00000;LF;1;0,0016904166693620937
172;-15,513337828549766;-15,511647411880404;00000;LF;1;0,0016904166693620937
173;-15,481591828629917;-15,479615411961277;-00001;LF;1;0,001976416668640013
174;-15,44950782871092;-15,447817412041559;00001;LF;1;0,0016904166693620937
175;-15,417761828791072;-15,415785412122432;-00001;LF;1;0,001976416668640013
176;-15,385678828872074;-15,383988412202712;00000;LF;1;0,0016904166693620937
177;-15,353932828952225;-15,351956412283585;-00001;LF;1;0,001976416668640013
178;-15,321848829033229;-15,320158412363867;00000;LF;1;0,0016904166693620937
179;-15,29010282911338;-15,28812641244474;-00001;LF;1;0,001976416668640013
180;-15,258018829194384;-15,25632941252502;00001;LF;1;0,0016894166693646184
181;-15,226273829274533;-15,224297412605893;-00001;LF;1;0,001976416668640013
182;-15,194189829355537;-15,192499412686175;00000;LF;1;0,0016904166693620937
183;-15,162391829435819;-15,160701412766457;00000;LF;1;0,0016904166693620937
184;-15,13064582951597;-15,12866941284733;-00001;LF;1;0,001976416668640013
185;-15,098562829596972;-15,09687241292761;00000;LF;1;0,0016904166693620937
186;-15,066816829677123;-15,064840413008483;-00001;LF;1;0,001976416668640013
187;-15,034732829758127;-15,033042413088765;00000;LF;1;0,0016904166693620937
188;-15,002986829838278;-15,001010413169638;-00001;LF;1;0,001976416668640013
189;-14,97090382991928;-14,969213413249918;00000;LF;1;0,0016904166693620937
190;-14,939105829999562;-14,9374154133302;00000;LF;1;0,0016904166693620937
191;-14,907307830079844;-14,905617413410482;00000;LF;1;0,0016904166693620937
192;-14,875509830160127;-14,873819413490764;00000;LF;1;0,0016904166693620937
193;-14,843763830240277;-14,841787413571637;-00001;LF;1;0,001976416668640013
194;-14,811732830321148;-14,809756413652508;-00001;LF;1;0,001976416668640013
195;-14,779700830402021;-14,777724413733381;-00001;LF;1;0,001976416668640013
196;-14,747668830482894;-14,745692413814254;-00001;LF;1;0,001976416668640013
197;-14,715636830563767;-14,713660413895127;-00001;LF;1;0,001976416668640013
198;-14,683605830644638;-14,681629413975998;-00001;LF;1;0,001976416668640013
199;-14,65157383072551;-14,64959741405687;-00001;LF;1;0,001976416668640013
200;-14,619541830806384;-14,617565414137744;-00001;LF;1;0,001976416668640013
201;-14,587509830887257;-14,585533414218617;-00001;LF;1;0,001976416668640013
202;-14,55547783096813;-14,55350141429949;-00001;LF;1;0,001976416668640013
203;-14,523446831049;-14,52147041438036;-00001;LF;1;0,001976416668640013
204;-14,491414831129873;-14,489438414461233;-00001;LF;1;0,001976416668640013
205;-14,459382831210746;-14,457406414542106;-00001;LF;1;0,001976416668640013
206;-14,42735083129162;-14,42537441462298;-00001;LF;1;0,001976416668640013
207;-14,39531983137249;-14,39334341470385;-00001;LF;1;0,001976416668640013
208;-14,363287831453363;-14,361311414784723;-00001;LF;1;0,001976416668640013
209;-14,331255831534236;-14,329279414865596;-00001;LF;1;0,001976416668640013
210;-14,299223831615109;-14,297247414946469;-00001;LF;1;0,001976416668640013
211;-14,267191831695982;-14,26521641502734;-00001;LF;1;0,001975416668642538
212;-14,235160831776852;-14,233184415108212;-00001;LF;1;0,001976416668640013
213;-14,203128831857725;-14,201152415189085;-00001;LF;1;0,001976416668640013
214;-14,171096831938598;-14,169120415269958;-00001;LF;1;0,001976416668640013
215;-14,139064832019471;-14,137088415350831;-00001;LF;1;0,001976416668640013
216;-14,107033832100342;-14,105057415431702;-00001;LF;1;0,001976416668640013
217;-14,075001832181215;-14,073025415512575;-00001;LF;1;0,001976416668640013
218;-14,042969832262088;-14,040993415593448;-00001;LF;1;0,001976416668640013
219;-14,010885832343092;-14,00919541567373;00000;LF;1;0,0016904166693620937
220;-13,97914083242324;-13,9771644157546;-00001;LF;1;0,001976416668640013
221;-13,947056832504245;-13,945366415834883;00000;LF;1;0,0016904166693620937
222;-13,915258832584527;-13,913568415915165;00000;LF;1;0,0016904166693620937
223;-13,88346083266481;-13,881770415995447;00000;LF;1;0,0016904166693620937
224;-13,851662832745092;-13,84997241607573;00000;LF;1;0,0016904166693620937
225;-13,819865832825371;-13,81817541615601;00000;LF;1;0,0016904166693620937
226;-13,788067832905654;-13,786377416236292;00001;LF;1;0,0016904166693620937
227;-13,756269832985936;-13,754579416316574;00000;LF;1;0,0016904166693620937
228;-13,724471833066218;-13,722781416396856;00000;LF;1;0,0016904166693620937
229;-13,692674833146498;-13,690984416477136;00000;LF;1;0,0016904166693620937
230;-13,66087683322678;-13,659186416557418;00000;LF;1;0,0016904166693620937
231;-13,629078833307062;-13,6273884166377;00000;LF;1;0,0016904166693620937
232;-13,597280833387345;-13,595590416717982;00000;LF;1;0,0016904166693620937
233;-13,565534833467495;-13,563558416798855;-00001;LF;1;0,001976416668640013
234;-13,533451833548497;-13,531761416879135;00000;LF;1;0,0016904166693620937
235;-13,50165383362878;-13,499963416959417;00001;LF;1;0,0016904166693620937
236;-13,469855833709062;-13,4681654170397;00000;LF;1;0,0016904166693620937
237;-13,438057833789344;-13,436367417119982;00000;LF;1;0,0016904166693620937
238;-13,406312833869492;-13,404336417200852;-00001;LF;1;0,001976416668640013
239;-13,374228833950497;-13,372538417281135;00000;LF;1;0,0016904166693620937
240;-13,342430834030779;-13,340740417361417;00000;LF;1;0,0016904166693620937
241;-13,310632834111061;-13,308942417441699;00001;LF;1;0,0016904166693620937
242;-13,278834834191343;-13,277144417521981;00000;LF;1;0,0016904166693620937
243;-13,247037834271623;-13,245347417602261;00000;LF;1;0,0016904166693620937
244;-13,215239834351905;-13,213549417682543;00000;LF;1;0,0016904166693620937
245;-13,183493834432056;-13,181517417763416;-00001;LF;1;0,001976416668640013
246;-13,15140983451306;-13,149719417843698;00000;LF;1;0,0016904166693620937
247;-13,11961283459334;-13,117922417923978;00000;LF;1;0,0016904166693620937
248;-13,087866834673491;-13,085890418004851;-00001;LF;1;0,001976416668640013
249;-13,055782834754496;-13,054092418085133;00000;LF;1;0,0016904166693620937
250;-13,024036834834646;-13,022060418166006;-00001;LF;1;0,001976416668640013
251;-12,99195283491565;-12,990262418246289;00001;LF;1;0,0016904166693620937
252;-12,9602078349958;-12,95823141832716;-00001;LF;1;0,001976416668640013
253;-12,928123835076804;-12,926433418407441;00000;LF;1;0,0016904166693620937
254;-12,896377835156954;-12,894401418488314;-00001;LF;1;0,001976416668640013
255;-12,864293835237959;-12,862603418568597;00001;LF;1;0,0016904166693620937
256;-12,832548835318107;-12,830572418649467;-00001;LF;1;0,001976416668640013
257;-12,800464835399112;-12,79877441872975;00000;LF;1;0,0016904166693620937
258;-12,768666835479394;-12,766976418810032;00000;LF;1;0,0016904166693620937
259;-12,736920835559545;-12,734944418890905;-00001;LF;1;0,001976416668640013
260;-12,704837835640546;-12,703147418971184;00001;LF;1;0,0016904166693620937
261;-12,673091835720697;-12,671115419052057;-00001;LF;1;0,001976416668640013
262;-12,641007835801702;-12,63931741913234;00001;LF;1;0,0016904166693620937
263;-12,609261835881853;-12,607285419213213;-00001;LF;1;0,001976416668640013
264;-12,577177835962857;-12,575487419293495;00001;LF;1;0,0016904166693620937
265;-12,545432836043005;-12,543456419374365;-00001;LF;1;0,001976416668640013
266;-12,51334883612401;-12,511658419454648;00001;LF;1;0,0016904166693620937
267;-12,48160283620416;-12,47962641953552;-00001;LF;1;0,001976416668640013
268;-12,449518836285165;-12,447828419615803;00001;LF;1;0,0016904166693620937
269;-12,417773836365313;-12,415797419696673;-00001;LF;1;0,001976416668640013
270;-12,385689836446318;-12,383999419776956;00001;LF;1;0,0016904166693620937
271;-12,353943836526469;-12,351967419857829;-00001;LF;1;0,001976416668640013
272;-12,321859836607473;-12,32016941993811;00001;LF;1;0,0016904166693620937
273;-12,290113836687624;-12,288137420018984;-00001;LF;1;0,001976416668640013
274;-12,258030836768626;-12,256340420099264;00001;LF;1;0,0016904166693620937
275;-12,226284836848777;-12,224308420180137;-00001;LF;1;0,001976416668640013
276;-12,194200836929781;-12,192510420260419;00001;LF;1;0,0016904166693620937
277;-12,162454837009932;-12,160478420341292;-00001;LF;1;0,001976416668640013
278;-12,130371837090934;-12,128681420421572;00001;LF;1;0,0016904166693620937
279;-12,098625837171085;-12,096649420502445;-00001;LF;1;0,001976416668640013
280;-12,066541837252089;-12,064851420582727;00001;LF;1;0,0016904166693620937
281;-12,03479583733224;-12,0328194206636;-00001;LF;1;0,001976416668640013
282;-12,002711837413244;-12,001021420743882;00000;LF;1;0,0016904166693620937
283;-11,970966837493393;-11,968990420824753;-00001;LF;1;0,001976416668640013
284;-11,938882837574397;-11,937192420905035;00001;LF;1;0,0016904166693620937
285;-11,907136837654548;-11,905160420985908;-00001;LF;1;0,001976416668640013
286;-11,875052837735552;-11,87336242106619;00001;LF;1;0,0016904166693620937
287;-11,8433078378157;-11,84133142114706;-00001;LF;1;0,001976416668640013
288;-11,811223837896705;-11,809533421227343;00000;LF;1;0,0016904166693620937
289;-11,779477837976856;-11,777501421308216;-00001;LF;1;0,001976416668640013
290;-11,74739383805786;-11,745703421388498;00001;LF;1;0,0016904166693620937
291;-11,715647838138011;-11,713671421469371;-00001;LF;1;0,001976416668640013
292;-11,683564838219013;-11,68187442154965;00001;LF;1;0,0016904166693620937
293;-11,651818838299164;-11,649842421630524;-00001;LF;1;0,001976416668640013
294;-11,619734838380168;-11,618044421710806;00001;LF;1;0,0016904166693620937
295;-11,58798883846032;-11,58601242179168;-00001;LF;1;0,001976416668640013
296;-11,555905838541321;-11,554215421871959;00000;LF;1;0,0016904166693620937
297;-11,524107838621603;-11,522417421952241;00000;LF;1;0,0016904166693620937
298;-11,492361838701754;-11,490385422033114;-00001;LF;1;0,001976416668640013
299;-11,460277838782758;-11,458587422113396;00001;LF;1;0,0016904166693620937
300;-11,428532838862907;-11,426556422194267;-00001;LF;1;0,001976416668640013
301;-11,396448838943911;-11,394758422274549;00001;LF;1;0,0016904166693620937
302;-11,364702839024062;-11,362726422355422;-00001;LF;1;0,001976416668640013
303;-11,332618839105066;-11,330928422435704;00001;LF;1;0,0016904166693620937
304;-11,300872839185217;-11,298896422516577;-00001;LF;1;0,001976416668640013
305;-11,26878983926622;-11,267099422596857;00001;LF;1;0,0016904166693620937
306;-11,23704383934637;-11,23506742267773;-00001;LF;1;0,001976416668640013
307;-11,204959839427374;-11,203269422758012;00001;LF;1;0,0016904166693620937
308;-11,173213839507525;-11,171237422838885;-00001;LF;1;0,001976416668640013
309;-11,141130839588527;-11,139440422919165;00001;LF;1;0,0016904166693620937
310;-11,109384839668678;-11,107408423000038;-00001;LF;1;0,001976416668640013
311;-11,077300839749682;-11,07561042308032;00001;LF;1;0,0016904166693620937
312;-11,045554839829833;-11,043578423161193;-00001;LF;1;0,001976416668640013
313;-11,013470839910838;-11,011780423241476;00001;LF;1;0,0016904166693620937
314;-10,981725839990986;-10,979749423322346;-00001;LF;1;0,001976416668640013
315;-10,94964184007199;-10,947951423402628;00001;LF;1;0,0016904166693620937
316;-10,917895840152141;-10,915919423483501;-00001;LF;1;0,001976416668640013
317;-10,885811840233146;-10,884121423563784;00001;LF;1;0,0016904166693620937
318;-10,854066840313294;-10,852090423644654;-00001;LF;1;0,001976416668640013
319;-10,821982840394298;-10,820292423724936;00001;LF;1;0,0016904166693620937
320;-10,79023684047445;-10,78826042380581;-00001;LF;1;0,001976416668640013
321;-10,758152840555454;-10,756462423886092;00000;LF;1;0,0016904166693620937
322;-10,726406840635605;-10,724430423966965;-00001;LF;1;0,001976416668640013
323;-10,694323840716606;-10,692633424047244;00000;LF;1;0,0016904166693620937
324;-10,662577840796757;-10,660601424128117;-00001;LF;1;0,001976416668640013
325;-10,630493840877762;-10,6288034242084;00000;LF;1;0,0016904166693620937
326;-10,598695840958044;-10,597005424288682;00000;LF;1;0,0016904166693620937
327;-10,566898841038324;-10,565208424368961;00000;LF;1;0,0016904166693620937
328;-10,535100841118606;-10,533410424449244;00000;LF;1;0,0016904166693620937
329;-10,503302841198888;-10,501612424529526;00000;LF;1;0,0016904166693620937
330;-10,471556841279039;-10,469580424610399;-00001;LF;1;0,001976416668640013
331;-10,439472841360043;-10,437783424690679;00000;LF;1;0,0016894166693646184
332;-10,407675841440323;-10,405985424770961;00000;LF;1;0,0016904166693620937
333;-10,375929841520474;-10,373953424851834;-00001;LF;1;0,001976416668640013
334;-10,343897841601347;-10,341921424932707;-00001;LF;1;0,001976416668640013
335;-10,31186584168222;-10,30988942501358;-00001;LF;1;0,001976416668640013
336;-10,27983484176309;-10,27785842509445;-00001;LF;1;0,001976416668640013
337;-10,247802841843964;-10,245826425175323;-00001;LF;1;0,001976416668640013
338;-10,215770841924837;-10,213794425256197;-00001;LF;1;0,001976416668640013
339;-10,18373884200571;-10,18176242533707;-00001;LF;1;0,001976416668640013
340;-10,15170784208658;-10,14973142541794;-00001;LF;1;0,001976416668640013
341;-10,119675842167453;-10,117699425498813;-00001;LF;1;0,001976416668640013
342;-10,087643842248326;-10,085667425579686;-00002;LF;1;0,001976416668640013
343;-10,0556118423292;-10,05363542566056;-00001;LF;1;0,001976416668640013
344;-10,023579842410072;-10,021603425741432;-00001;LF;1;0,001976416668640013
345;-9,991548842490943;-9,989572425822303;-00001;LF;1;0,001976416668640013
346;-9,959516842571816;-9,957540425903176;-00001;LF;1;0,001976416668640013
347;-9,927484842652689;-9,925508425984049;-00001;LF;1;0,001976416668640013
348;-9,895452842733562;-9,893476426064922;-00001;LF;1;0,001976416668640013
349;-9,863421842814432;-9,861445426145792;-00001;LF;1;0,001976416668640013
350;-9,831389842895305;-9,829413426226665;-00001;LF;1;0,001976416668640013
351;-9,799357842976178;-9,797381426307538;-00001;LF;1;0,001976416668640013
352;-9,767325843057051;-9,765349426388411;-00001;LF;1;0,001976416668640013
353;-9,735293843137924;-9,733317426469284;-00001;LF;1;0,001976416668640013
354;-9,703262843218795;-9,701286426550155;-00001;LF;1;0,001976416668640013
355;-9,671230843299668;-9,669254426631028;-00001;LF;1;0,001976416668640013
356;-9,639198843380541;-9,6372224267119;-00001;LF;1;0,001976416668640013
357;-9,607166843461414;-9,605190426792774;-00001;LF;1;0,001976416668640013
358;-9,575135843542284;-9,573159426873644;-00001;LF;1;0,001976416668640013
359;-9,543103843623157;-9,541127426954517;-00001;LF;1;0,001976416668640013
360;-9,51107184370403;-9,50909542703539;-00001;LF;1;0,001976416668640013
361;-9,479039843784903;-9,477063427116263;-00001;LF;1;0,001976416668640013
362;-9,447007843865777;-9,445032427197134;-00001;LF;1;0,001975416668642538
363;-9,414976843946647;-9,413000427278007;-00001;LF;1;0,001976416668640013
364;-9,38294484402752;-9,38096842735888;-00001;LF;1;0,001976416668640013
365;-9,350912844108393;-9,348936427439753;-00001;LF;1;0,001976416668640013
366;-9,318880844189266;-9,316904427520626;-00001;LF;1;0,001976416668640013
367;-9,286849844270137;-9,284873427601497;-00001;LF;1;0,001976416668640013
368;-9,25481784435101;-9,25284142768237;-00001;LF;1;0,001976416668640013
369;-9,222785844431883;-9,220809427763243;-00001;LF;1;0,001976416668640013
370;-9,190753844512756;-9,188777427844116;-00001;LF;1;0,001976416668640013
371;-9,158722844593626;-9,156746427924986;-00001;LF;1;0,001976416668640013
372;-9,1266908446745;-9,12471442800586;-00001;LF;1;0,001976416668640013
373;-9,094658844755372;-9,092682428086732;-00001;LF;1;0,001976416668640013
374;-9,062574844836377;-9,060884428167014;00000;LF;1;0,0016904166693620937
375;-9,030776844916659;-9,029086428247297;00001;LF;1;0,0016904166693620937
376;-8,998979844996938;-8,997289428327576;00000;LF;1;0,0016904166693620937
377;-8,96718184507722;-8,965491428407859;00000;LF;1;0,0016904166693620937
378;-8,935383845157503;-8,93369342848814;00001;LF;1;0,0016904166693620937
379;-8,903585845237785;-8,901895428568423;00000;LF;1;0,0016904166693620937
380;-8,871788845318065;-8,870098428648703;00000;LF;1;0,0016904166693620937
381;-8,839990845398347;-8,838300428728985;00000;LF;1;0,0016904166693620937
382;-8,80819284547863;-8,806502428809267;00001;LF;1;0,0016904166693620937
383;-8,776394845558912;-8,77470442888955;00000;LF;1;0,0016904166693620937
384;-8,744596845639194;-8,742906428969832;00000;LF;1;0,0016904166693620937
385;-8,712851845719342;-8,710875429050702;-00001;LF;1;0,001976416668640013
386;-8,680767845800347;-8,679077429130984;00000;LF;1;0,0016904166693620937
387;-8,648969845880629;-8,647279429211267;00000;LF;1;0,0016904166693620937
388;-8,617171845960911;-8,615481429291549;00001;LF;1;0,0016904166693620937
389;-8,58537484604119;-8,583684429371829;00000;LF;1;0,0016904166693620937
390;-8,553576846121473;-8,55188642945211;00000;LF;1;0,0016904166693620937
391;-8,521778846201755;-8,520088429532393;00000;LF;1;0,0016904166693620937
392;-8,489980846282037;-8,488290429612675;00000;LF;1;0,0016904166693620937
393;-8,45818284636232;-8,456492429692958;00000;LF;1;0,0016904166693620937
394;-8,4263858464426;-8,424695429773237;00000;LF;1;0,0016904166693620937
395;-8,39463984652275;-8,39266342985411;-00001;LF;1;0,001976416668640013
396;-8,362555846603755;-8,360865429934393;00000;LF;1;0,0016904166693620937
397;-8,330757846684037;-8,329067430014675;00000;LF;1;0,0016904166693620937
398;-8,298960846764317;-8,297270430094954;00001;LF;1;0,0016904166693620937
399;-8,267162846844599;-8,265472430175237;00000;LF;1;0,0016904166693620937
400;-8,235364846924881;-8,233674430255519;00000;LF;1;0,0016904166693620937
401;-8,203566847005163;-8,201876430335801;00000;LF;1;0,0016904166693620937
402;-8,171768847085445;-8,17007943041608;00001;LF;1;0,0016894166693646184
403;-8,139971847165725;-8,138281430496363;00000;LF;1;0,0016904166693620937
404;-8,108173847246007;-8,106483430576645;00000;LF;1;0,0016904166693620937
405;-8,07637584732629;-8,074685430656928;00000;LF;1;0,0016904166693620937
406;-8,044577847406572;-8,04288743073721;00001;LF;1;0,0016904166693620937
407;-8,012780847486852;-8,01109043081749;00001;LF;1;0,0016904166693620937
408;-7,980982847567134;-7,979292430897772;00001;LF;1;0,0016904166693620937
409;-7,949184847647416;-7,947494430978054;00001;LF;1;0,0016904166693620937
410;-7,917438847727567;-7,915462431058927;-00001;LF;1;0,001976416668640013
411;-7,885355847808569;-7,883665431139207;00000;LF;1;0,0016904166693620937
412;-7,85360984788872;-7,85163343122008;-00001;LF;1;0,001976416668640013
413;-7,821525847969724;-7,819835431300362;00001;LF;1;0,0016904166693620937
414;-7,789779848049875;-7,787803431381235;-00001;LF;1;0,001976416668640013
415;-7,757695848130879;-7,756005431461517;00001;LF;1;0,0016904166693620937
416;-7,725898848211159;-7,724208431541797;00000;LF;1;0,0016904166693620937
417;-7,694100848291441;-7,692410431622079;00000;LF;1;0,0016904166693620937
418;-7,662354848371592;-7,660378431702952;-00001;LF;1;0,001976416668640013
419;-7,6302708484525965;-7,628580431783234;00001;LF;1;0,0016904166693620937
420;-7,598525848532745;-7,596549431864105;-00001;LF;1;0,001976416668640013
421;-7,566441848613749;-7,564751431944387;00000;LF;1;0,0016904166693620937
422;-7,5346958486939;-7,53271943202526;-00001;LF;1;0,001976416668640013
423;-7,5026118487749045;-7,500921432105542;00001;LF;1;0,0016904166693620937
424;-7,4708658488550554;-7,468889432186415;-00001;LF;1;0,001976416668640013
425;-7,438782848936057;-7,437092432266695;00000;LF;1;0,0016904166693620937
426;-7,407036849016208;-7,405060432347568;-00001;LF;1;0,001976416668640013
427;-7,3749528490972125;-7,37326243242785;00000;LF;1;0,0016904166693620937
428;-7,343154849177495;-7,341464432508133;00000;LF;1;0,0016904166693620937
429;-7,311409849257643;-7,309433432589003;-00001;LF;1;0,001976416668640013
430;-7,2793258493386475;-7,277635432669285;00001;LF;1;0,0016904166693620937
431;-7,247579849418798;-7,245603432750158;-00001;LF;1;0,001976416668640013
432;-7,215495849499803;-7,213805432830441;00001;LF;1;0,0016904166693620937
433;-7,183749849579954;-7,181773432911314;-00001;LF;1;0,001976416668640013
434;-7,1516668496609554;-7,149976432991593;00001;LF;1;0,0016904166693620937
435;-7,119920849741106;-7,117944433072466;-00001;LF;1;0,001976416668640013
436;-7,087836849822111;-7,086146433152749;00001;LF;1;0,0016904166693620937
437;-7,056090849902262;-7,054114433233622;-00001;LF;1;0,001976416668640013
438;-7,024007849983263;-7,022317433313901;00001;LF;1;0,0016904166693620937
439;-6,992261850063414;-6,990285433394774;-00001;LF;1;0,001976416668640013
440;-6,960177850144419;-6,958487433475057;00000;LF;1;0,0016904166693620937
441;-6,928379850224701;-6,926689433555339;00000;LF;1;0,0016904166693620937
442;-6,896633850304852;-6,894658433636209;-00001;LF;1;0,001975416668642538
443;-6,864550850385854;-6,862860433716492;00000;LF;1;0,0016904166693620937
444;-6,832752850466136;-6,831062433796774;00000;LF;1;0,0016904166693620937
445;-6,800954850546418;-6,799264433877056;00000;LF;1;0,0016904166693620937
446;-6,7691568506267;-6,767466433957338;00000;LF;1;0,0016904166693620937
447;-6,73735985070698;-6,735669434037618;00000;LF;1;0,0016904166693620937
448;-6,705561850787262;-6,7038714341179;00000;LF;1;0,0016904166693620937
449;-6,6737638508675445;-6,672073434198182;00000;LF;1;0,0016904166693620937
450;-6,641965850947827;-6,640275434278465;00000;LF;1;0,0016904166693620937
451;-6,6101688510281065;-6,608478434358744;00000;LF;1;0,0016904166693620937
452;-6,578370851108389;-6,576680434439027;00000;LF;1;0,0016904166693620937
453;-6,546572851188671;-6,544882434519309;00001;LF;1;0,0016904166693620937
454;-6,514774851268953;-6,513084434599591;00001;LF;1;0,0016904166693620937
455;-6,482976851349235;-6,481286434679873;00000;LF;1;0,0016904166693620937
456;-6,451179851429515;-6,449489434760153;00000;LF;1;0,0016904166693620937
457;-6,419433851509666;-6,417457434841026;-00001;LF;1;0,001976416668640013
458;-6,38734985159067;-6,385659434921308;00000;LF;1;0,0016904166693620937
459;-6,355551851670953;-6,3538614350015905;00000;LF;1;0,0016904166693620937
460;-6,323754851751232;-6,32206443508187;00000;LF;1;0,0016904166693620937
461;-6,2919568518315145;-6,2902664351621524;00000;LF;1;0,0016904166693620937
462;-6,260158851911797;-6,258468435242435;00000;LF;1;0,0016904166693620937
463;-6,228360851992079;-6,226670435322717;00000;LF;1;0,0016904166693620937
464;-6,196562852072361;-6,194872435402999;00001;LF;1;0,0016904166693620937
465;-6,164765852152641;-6,163075435483279;00000;LF;1;0,0016904166693620937
466;-6,132967852232923;-6,131277435563561;00000;LF;1;0,0016904166693620937
467;-6,101169852313205;-6,099479435643843;00000;LF;1;0,0016904166693620937
468;-6,069371852393488;-6,0676814357241255;00000;LF;1;0,0016904166693620937
469;-6,037574852473767;-6,035884435804405;00001;LF;1;0,0016904166693620937
470;-6,00577685255405;-6,0040864358846875;00000;LF;1;0,0016904166693620937
471;-5,9740308526342005;-5,9720544359655605;-00001;LF;1;0,001976416668640013
472;-5,941946852715205;-5,940256436045843;00000;LF;1;0,0016904166693620937
473;-5,910148852795487;-5,908458436126125;00000;LF;1;0,0016904166693620937
474;-5,8784038528756355;-5,8764274362069955;-00001;LF;1;0,001976416668640013
475;-5,8463718529565085;-5,8443954362878685;-00001;LF;1;0,001976416668640013
476;-5,8143398530373815;-5,8123634363687415;-00001;LF;1;0,001976416668640013
477;-5,782307853118255;-5,780331436449615;-00001;LF;1;0,001976416668640013
478;-5,750276853199125;-5,748300436530485;-00001;LF;1;0,001976416668640013
479;-5,718244853279998;-5,716268436611358;-00001;LF;1;0,001976416668640013
480;-5,686212853360871;-5,684236436692231;-00001;LF;1;0,001976416668640013
481;-5,654180853441744;-5,652204436773104;-00001;LF;1;0,001976416668640013
482;-5,622148853522617;-5,620173436853975;-00001;LF;1;0,001975416668642538
483;-5,590117853603488;-5,588141436934848;-00001;LF;1;0,001976416668640013
484;-5,558085853684361;-5,556109437015721;-00001;LF;1;0,001976416668640013
485;-5,526053853765234;-5,524077437096594;-00001;LF;1;0,001976416668640013
486;-5,494021853846107;-5,492045437177467;-00002;LF;1;0,001976416668640013
487;-5,461990853926977;-5,460014437258337;-00002;LF;1;0,001976416668640013
488;-5,42995885400785;-5,42798243733921;-00002;LF;1;0,001976416668640013
489;-5,397926854088723;-5,395950437420083;-00002;LF;1;0,001976416668640013
490;-5,365894854169596;-5,363918437500956;-00003;LF;1;0,001976416668640013
491;-5,333863854250467;-5,331887437581827;-00003;LF;1;0,001976416668640013
492;-5,30183185433134;-5,2998554376627;-00002;LF;1;0,001976416668640013
493;-5,269799854412213;-5,267823437743573;-00003;LF;1;0,001976416668640013
494;-5,237767854493086;-5,235791437824446;-00004;LF;1;0,001976416668640013
495;-5,205735854573959;-5,203759437905319;-00004;LF;1;0,001976416668640013
496;-5,173704854654829;-5,171728437986189;-00004;LF;1;0,001976416668640013
497;-5,1416728547357025;-5,1396964380670624;-00003;LF;1;0,001976416668640013
498;-5,1096408548165755;-5,1076644381479355;-00004;LF;1;0,001976416668640013
499;-5,0776088548974485;-5,0756324382288085;-00005;LF;1;0,001976416668640013
500;-5,045577854978319;-5,043601438309679;-00005;LF;1;0,001976416668640013
501;-5,013545855059192;-5,011569438390552;-00005;LF;1;0,001976416668640013
502;-4,981513855140065;-4,979537438471425;-00005;LF;1;0,001976416668640013
503;-4,949481855220938;-4,947505438552298;-00005;LF;1;0,001976416668640013
504;-4,917449855301811;-4,915473438633171;-00006;LF;1;0,001976416668640013
505;-4,885418855382682;-4,883442438714042;-00005;LF;1;0,001976416668640013
506;-4,853386855463555;-4,851410438794915;-00006;LF;1;0,001976416668640013
507;-4,821354855544428;-4,819378438875788;-00005;LF;1;0,001976416668640013
508;-4,789322855625301;-4,787346438956661;-00004;LF;1;0,001976416668640013
509;-4,757291855706171;-4,755315439037531;-00005;LF;1;0,001976416668640013
510;-4,725259855787044;-4,723283439118404;-00004;LF;1;0,001976416668640013
511;-4,693227855867917;-4,691251439199277;-00006;LF;1;0,001976416668640013
512;-4,66119585594879;-4,65921943928015;-00005;LF;1;0,001976416668640013
513;-4,629164856029661;-4,627188439361021;-00005;LF;1;0,001976416668640013
514;-4,597132856110534;-4,595156439441894;-00004;LF;1;0,001976416668640013
515;-4,565100856191407;-4,563124439522767;-00005;LF;1;0,001976416668640013
516;-4,53306885627228;-4,53109243960364;-00004;LF;1;0,001976416668640013
517;-4,501036856353153;-4,499060439684513;-00004;LF;1;0,001976416668640013
518;-4,469005856434023;-4,467029439765383;-00002;LF;1;0,001976416668640013
519;-4,436973856514896;-4,434997439846256;-00003;LF;1;0,001976416668640013
520;-4,404941856595769;-4,402965439927129;-00002;LF;1;0,001976416668640013
521;-4,3729098566766424;-4,370933440008002;-00002;LF;1;0,001976416668640013
522;-4,340878856757513;-4,338902440088873;-00001;LF;1;0,001976416668640013
523;-4,308846856838386;-4,306870440169746;-00001;LF;1;0,001976416668640013
524;-4,276814856919259;-4,274838440250619;-00001;LF;1;0,001976416668640013
525;-4,244782857000132;-4,242806440331492;-00001;LF;1;0,001976416668640013
526;-4,212750857081005;-4,210774440412365;-00001;LF;1;0,001976416668640013
527;-4,1807198571618756;-4,1787434404932355;-00001;LF;1;0,001976416668640013
528;-4,148687857242749;-4,146711440574109;-00001;LF;1;0,001976416668640013
529;-4,116603857323753;-4,114913440654391;00000;LF;1;0,0016904166693620937
530;-4,084805857404035;-4,083115440734673;00001;LF;1;0,0016904166693620937
531;-4,053008857484315;-4,051318440814953;00000;LF;1;0,0016904166693620937
532;-4,021210857564597;-4,019520440895235;00000;LF;1;0,0016904166693620937
533;-3,9894128576448793;-3,987722440975517;00000;LF;1;0,0016904166693620937
534;-3,9576148577251615;-3,9559244410557994;00001;LF;1;0,0016904166693620937
535;-3,9258168578054438;-3,9241264411360817;00001;LF;1;0,0016904166693620937
536;-3,8940198578857235;-3,8923294412163614;00001;LF;1;0,0016904166693620937
537;-3,8622218579660057;-3,8605314412966436;00001;LF;1;0,0016904166693620937
538;-3,830423858046288;-3,828733441376926;00000;LF;1;0,0016904166693620937
539;-3,79862585812657;-3,796935441457208;00000;LF;1;0,0016904166693620937
540;-3,76682885820685;-3,765138441537488;00000;LF;1;0,0016904166693620937
541;-3,735030858287132;-3,73334044161777;00000;LF;1;0,0016904166693620937
542;-3,7032328583674143;-3,7015424416980522;00000;LF;1;0,0016904166693620937
543;-3,6714348584476966;-3,6697444417783345;00001;LF;1;0,0016904166693620937
544;-3,639636858527979;-3,637947441858614;00001;LF;1;0,0016894166693646184
545;-3,6078398586082585;-3,6061494419388964;00001;LF;1;0,0016904166693620937
546;-3,5760418586885407;-3,5743514420191786;00001;LF;1;0,0016904166693620937
547;-3,5442958587686917;-3,5423194421000517;-00001;LF;1;0,001976416668640013
548;-3,512211858849696;-3,510521442180334;00001;LF;1;0,0016904166693620937
549;-3,4804668589298444;-3,4784904422612044;-00001;LF;1;0,001976416668640013
550;-3,4483828590108487;-3,4466924423414866;00000;LF;1;0,0016904166693620937
551;-3,4166368590909997;-3,4146604424223597;-00001;LF;1;0,001976416668640013
552;-3,384552859172004;-3,382862442502642;00000;LF;1;0,0016904166693620937
553;-3,3527558592522837;-3,3510654425829216;00000;LF;1;0,0016904166693620937
554;-3,3210098593324346;-3,3190334426637946;-00001;LF;1;0,001976416668640013
555;-3,288925859413439;-3,287235442744077;00001;LF;1;0,0016904166693620937
556;-3,25717985949359;-3,25520344282495;-00001;LF;1;0,001976416668640013
557;-3,225095859574594;-3,223405442905232;00001;LF;1;0,0016904166693620937
558;-3,1933508596547426;-3,1913744429861026;-00001;LF;1;0,001976416668640013
559;-3,161266859735747;-3,159576443066385;00001;LF;1;0,0016904166693620937
560;-3,129520859815898;-3,127544443147258;-00001;LF;1;0,001976416668640013
561;-3,097436859896902;-3,09574644322754;00001;LF;1;0,0016904166693620937
562;-3,0656918599770506;-3,0637154433084106;-00001;LF;1;0,001976416668640013
563;-3,033607860058055;-3,031917443388693;00001;LF;1;0,0016904166693620937
564;-3,001861860138206;-2,999885443469566;-00001;LF;1;0,001976416668640013
565;-2,96977786021921;-2,968087443549848;00001;LF;1;0,0016904166693620937
566;-2,938031860299361;-2,936055443630721;-00001;LF;1;0,001976416668640013
567;-2,905948860380363;-2,904258443711001;00001;LF;1;0,0016904166693620937
568;-2,874202860460514;-2,872226443791874;-00001;LF;1;0,001976416668640013
569;-2,842118860541518;-2,840428443872156;00001;LF;1;0,0016904166693620937
570;-2,810372860621669;-2,808396443953029;-00001;LF;1;0,001976416668640013
571;-2,778289860702671;-2,776599444033309;00001;LF;1;0,0016904166693620937
572;-2,746543860782822;-2,744567444114182;-00001;LF;1;0,001976416668640013
573;-2,714459860863826;-2,712769444194464;00000;LF;1;0,0016904166693620937
574;-2,6826618609441084;-2,6809714442747463;00001;LF;1;0,0016904166693620937
575;-2,6509158610242594;-2,6489394443556193;-00001;LF;1;0,001976416668640013
576;-2,618832861105261;-2,617142444435899;00001;LF;1;0,0016904166693620937
577;-2,587086861185412;-2,585110444516772;-00001;LF;1;0,001976416668640013
578;-2,5550028612664164;-2,5533124445970543;00000;LF;1;0,0016904166693620937
579;-2,5232568613465673;-2,5212804446779273;-00001;LF;1;0,001976416668640013
580;-2,491173861427569;-2,489483444758207;00001;LF;1;0,0016904166693620937
581;-2,45942786150772;-2,45745144483908;-00001;LF;1;0,001976416668640013
582;-2,4273438615887244;-2,4256534449193623;00000;LF;1;0,0016904166693620937
583;-2,3955458616690066;-2,3938554449996445;00000;LF;1;0,0016904166693620937
584;-2,363800861749155;-2,361824445080515;-00001;LF;1;0,001976416668640013
585;-2,3317168618301594;-2,3300264451607973;00001;LF;1;0,0016904166693620937
586;-2,2999708619103103;-2,2979944452416703;-00001;LF;1;0,001976416668640013
587;-2,2678868619913146;-2,2661964453219525;00000;LF;1;0,0016904166693620937
588;-2,236088862071597;-2,2343984454022348;00000;LF;1;0,0016904166693620937
589;-2,2042918621518766;-2,2026014454825145;00000;LF;1;0,0016904166693620937
590;-2,172493862232159;-2,1708034455627967;00000;LF;1;0,0016904166693620937
591;-2,140695862312441;-2,139005445643079;00001;LF;1;0,0016904166693620937
592;-2,1088978623927233;-2,107207445723361;00001;LF;1;0,0016904166693620937
593;-2,077100862473003;-2,075410445803641;00001;LF;1;0,0016904166693620937
594;-2,045302862553285;-2,043612445883923;00001;LF;1;0,0016904166693620937
595;-2,0135048626335674;-2,0118144459642053;00000;LF;1;0,0016904166693620937
596;-1,9817068627138497;-1,9800164460444876;00000;LF;1;0,0016904166693620937
597;-1,949908862794132;-1,9482184461247698;00000;LF;1;0,0016904166693620937
598;-1,9181118628744116;-1,9164214462050495;00001;LF;1;0,0016904166693620937
599;-1,8863138629546938;-1,8846234462853317;00000;LF;1;0,0016904166693620937
600;-1,854515863034976;-1,852825446365614;00000;LF;1;0,0016904166693620937
601;-1,8227178631152583;-1,8210274464458962;00000;LF;1;0,0016904166693620937
602;-1,790920863195538;-1,789230446526176;00000;LF;1;0,0016904166693620937
603;-1,7591228632758202;-1,7574324466064581;00000;LF;1;0,0016904166693620937
604;-1,7273768633559712;-1,7254004466873312;-00001;LF;1;0,001976416668640013
605;-1,6952928634369755;-1,6936024467676134;00001;LF;1;0,0016904166693620937
606;-1,6635468635171264;-1,6615704468484864;-00001;LF;1;0,001976416668640013
607;-1,6314638635981282;-1,6297734469287661;00001;LF;1;0,0016904166693620937
608;-1,5997178636782792;-1,5977414470096392;-00001;LF;1;0,001976416668640013
609;-1,5676338637592835;-1,5659434470899214;00001;LF;1;0,0016904166693620937
610;-1,5358878638394344;-1,5339114471707944;-00001;LF;1;0,001976416668640013
611;-1,5038048639204362;-1,5021144472510741;00001;LF;1;0,0016904166693620937
612;-1,4720588640005872;-1,4700824473319472;-00001;LF;1;0,001976416668640013
613;-1,4399748640815915;-1,4382844474122294;00000;LF;1;0,0016904166693620937
614;-1,4082288641617424;-1,4062524474931024;-00001;LF;1;0,001976416668640013
615;-1,3761448642427467;-1,3744544475733846;00000;LF;1;0,0016904166693620937
616;-1,3443998643228952;-1,3424234476542551;-00001;LF;1;0,001976416668640013
617;-1,3123158644038995;-1,3106254477345374;00000;LF;1;0,0016904166693620937
618;-1,2805178644841817;-1,2788274478148196;00000;LF;1;0,0016904166693620937
619;-1,248719864564464;-1,2470294478951018;00000;LF;1;0,0016904166693620937
620;-1,2169228646447436;-1,2152324479753815;00000;LF;1;0,0016904166693620937
621;-1,1851768647248946;-1,1832004480562546;-00001;LF;1;0,001976416668640013
622;-1,1531448648057676;-1,1511684481371276;-00001;LF;1;0,001976416668640013
623;-1,1211128648866406;-1,1191364482180006;-00001;LF;1;0,001976416668640013
624;-1,0890818649675111;-1,0871054482988711;-00001;LF;1;0,001976416668640013
625;-1,0570498650483842;-1,0550734483797441;-00001;LF;1;0,001976416668640013
626;-1,0250178651292572;-1,0230414484606172;-00001;LF;1;0,001976416668640013
627;-0,9929858652101302;-0,9910094485414902;-00001;LF;1;0,001976416668640013
628;-0,9609538652910032;-0,9589774486223632;-00001;LF;1;0,001976416668640013
629;-0,9289228653718737;-0,9269464487032337;-00002;LF;1;0,001976416668640013
630;-0,8968908654527468;-0,8949144487841068;-00002;LF;1;0,001976416668640013
631;-0,8648588655336198;-0,8628824488649798;-00002;LF;1;0,001976416668640013
632;-0,8328268656144928;-0,8308504489458528;-00004;LF;1;0,001976416668640013
633;-0,8007958656953633;-0,7988194490267233;-00005;LF;1;0,001976416668640013
634;-0,7687638657762363;-0,7667874491075963;-00006;LF;1;0,001976416668640013
635;-0,7367318658571094;-0,7347554491884694;-00007;LF;1;0,001976416668640013
636;-0,7046998659379824;-0,7027234492693424;-00008;LF;1;0,001976416668640013
637;-0,6726678660188554;-0,6706914493502154;-00009;LF;1;0,001976416668640013
638;-0,6406368660997259;-0,6386604494310859;-00011;LF;1;0,001976416668640013
639;-0,608604866180599;-0,6066284495119589;-00013;LF;1;0,001976416668640013
640;-0,576572866261472;-0,574596449592832;-00013;LF;1;0,001976416668640013
641;-0,544540866342345;-0,542564449673705;-00015;LF;1;0,001976416668640013
642;-0,5125098664232155;-0,5105334497545755;-00016;LF;1;0,001976416668640013
643;-0,4804778665040885;-0,4785014498354485;-00016;LF;1;0,001976416668640013
644;-0,44844586658496155;-0,44646944991632154;-00015;LF;1;0,001976416668640013
645;-0,4164138666658346;-0,41443744999719456;-00015;LF;1;0,001976416668640013
646;-0,3843818667467076;-0,3824054500780676;-00015;LF;1;0,001976416668640013
647;-0,3523508668275781;-0,3503744501589381;-00015;LF;1;0,001976416668640013
648;-0,3203188669084511;-0,3183424502398111;-00015;LF;1;0,001976416668640013
649;-0,28828686698932415;-0,28631045032068414;-00014;LF;1;0,001976416668640013
650;-0,2562548670701972;-0,25427845040155717;-00013;LF;1;0,001976416668640013
651;-0,22422386715106768;-0,22224745048242767;-00014;LF;1;0,001976416668640013
652;-0,1921918672319407;-0,1902154505633007;-00013;LF;1;0,001976416668640013
653;-0,16015986731281373;-0,15818345064417372;-00013;LF;1;0,001976416668640013
654;-0,12812786739368676;-0,12615145072504674;-00013;LF;1;0,001976416668640013
655;-0,09609686747455726;-0,09412045080591724;-00013;LF;1;0,001976416668640013
656;-0,06406486755543028;-0,06208845088679027;-00013;LF;1;0,001976416668640013
657;-0,03203286763630331;-0,030056450967663295;-00010;LF;1;0,001976416668640013
658;-8,677171763338265E-07;0,0019755489514636793;-00011;LF;1;0,001976416668640013
659;0,03203113220195064;0,034007548870590654;-00010;LF;1;0,001976416668640013
660;0,06406213212108014;0,06603854878972015;-00009;LF;1;0,001976416668640013
661;0,09609413204020711;0,09807054870884713;-00009;LF;1;0,001976416668640013
662;0,1281261319593341;0,1301025486279741;-00008;LF;1;0,001976416668640013
663;0,16015813187846106;0,16213454854710108;-00005;LF;1;0,001976416668640013
664;0,19218913179759056;0,19416554846623058;-00005;LF;1;0,001976416668640013
665;0,22422113171671754;0,22619754838535755;-00005;LF;1;0,001976416668640013
666;0,2562531316358445;0,2582295483044845;-00004;LF;1;0,001976416668640013
667;0,2882851315549715;0,2902615482236115;-00003;LF;1;0,001976416668640013
668;0,32031713147409846;0,3222935481427385;-00002;LF;1;0,001976416668640013
669;0,35234813139322796;0,35432454806186797;-00002;LF;1;0,001976416668640013
670;0,38438013131235493;0,38635654798099495;-00001;LF;1;0,001976416668640013
671;0,4164121312314819;0,4183885479001219;-00001;LF;1;0,001976416668640013
672;0,4484441311506089;0,4504205478192489;-00001;LF;1;0,001976416668640013
673;0,4804751310697384;0,4824515477383784;-00001;LF;1;0,001976416668640013
674;0,5125071309888654;0,5144835476575054;-00001;LF;1;0,001976416668640013
675;0,5445391309079923;0,5465155475766323;-00001;LF;1;0,001976416668640013
676;0,5765711308271193;0,5785475474957593;-00001;LF;1;0,001976416668640013
677;0,608655130746115;0,6103445474154796;00000;LF;1;0,0016894166693646184
678;0,6404521306658353;0,6421425473351974;00001;LF;1;0,0016904166693620937
679;0,672250130585553;0,6739405472549151;00000;LF;1;0,0016904166693620937
680;0,7040481305052708;0,7057385471746329;00000;LF;1;0,0016904166693620937
681;0,7358461304249886;0,7375365470943507;00000;LF;1;0,0016904166693620937
682;0,7676431303447089;0,769333547014071;00000;LF;1;0,0016904166693620937
683;0,7994411302644266;0,8011315469337887;00000;LF;1;0,0016904166693620937
684;0,8312391301841444;0,8329295468535065;00000;LF;1;0,0016904166693620937
685;0,8629851301039935;0,8649615467726335;-00001;LF;1;0,001976416668640013
686;0,8950681300229917;0,8967585466923538;00000;LF;1;0,0016904166693620937
687;0,9268661299427094;0,9285565466120715;00000;LF;1;0,0016904166693620937
688;0,9586121298625585;0,9605885465311985;-00001;LF;1;0,001976416668640013
689;0,9906961297815542;0,9923865464509163;00000;LF;1;0,0016904166693620937
690;1,0224421297014032;1,0244185463700433;-00001;LF;1;0,001976416668640013
691;1,0545251296204015;1,0562155462897636;00000;LF;1;0,0016904166693620937
692;1,0862711295402505;1,0882475462088905;-00001;LF;1;0,001976416668640013
693;1,1183551294592462;1,1200455461286083;00001;LF;1;0,0016904166693620937
694;1,1501011293790953;1,1520775460477353;-00001;LF;1;0,001976416668640013
695;1,1821841292980935;1,1838745459674556;00000;LF;1;0,0016904166693620937
696;1,2139821292178112;1,2156725458871733;00000;LF;1;0,0016904166693620937
697;1,2457281291376603;1,2477045458063003;-00001;LF;1;0,001976416668640013
698;1,277812129056656;1,279502545726018;00001;LF;1;0,0016904166693620937
699;1,309558128976505;1,311534545645145;-00001;LF;1;0,001976416668640013
700;1,3416411288955032;1,3433315455648653;00000;LF;1;0,0016904166693620937
701;1,3733871288153523;1,3753635454839923;-00001;LF;1;0,001976416668640013
702;1,405471128734348;1,40716154540371;00001;LF;1;0,0016904166693620937
703;1,437217128654197;1,439193545322837;-00001;LF;1;0,001976416668640013
704;1,4693001285731953;1,4709905452425573;00001;LF;1;0,0016904166693620937
705;1,5010461284930443;1,5030225451616843;-00001;LF;1;0,001976416668640013
706;1,53313012841204;1,534820545081402;00000;LF;1;0,0016904166693620937
707;1,564876128331889;1,566852545000529;-00001;LF;1;0,001976416668640013
708;1,5969601282508847;1,5986505449202468;00001;LF;1;0,0016904166693620937
709;1,6287051281707363;1,6306815448393763;-00001;LF;1;0,001976416668640013
710;1,660789128089732;1,662479544759094;00001;LF;1;0,0016904166693620937
711;1,692535128009581;1,694511544678221;-00001;LF;1;0,001976416668640013
712;1,7246191279285767;1,7263095445979388;00000;LF;1;0,0016904166693620937
713;1,756416127848297;1,7581065445176591;00000;LF;1;0,0016904166693620937
714;1,788162127768146;1,790138544436786;-00001;LF;1;0,001976416668640013
715;1,8202461276871418;1,8219365443565039;00000;LF;1;0,0016904166693620937
716;1,8519921276069908;1,8539685442756308;-00001;LF;1;0,001976416668640013
717;1,884075127525989;1,8857655441953511;00001;LF;1;0,0016904166693620937
718;1,915821127445838;1,9177975441144781;-00001;LF;1;0,001976416668640013
719;1,9479051273648338;1,9495955440341959;00000;LF;1;0,0016904166693620937
720;1,9796511272846828;1,9816275439533229;-00001;LF;1;0,001976416668640013
721;2,0117351272036785;2,0134255438730406;00001;LF;1;0,0016904166693620937
722;2,04348012712353;2,04545654379217;-00001;LF;1;0,001976416668640013
723;2,075564127042526;2,077254543711888;00000;LF;1;0,0016904166693620937
724;2,1073621269622436;2,1090525436316057;00000;LF;1;0,0016904166693620937
725;2,1391081268820926;2,1410845435507326;-00001;LF;1;0,001976416668640013
726;2,171191126801091;2,172881543470453;00001;LF;1;0,0016904166693620937
727;2,20293712672094;2,20491354338958;-00001;LF;1;0,001976416668640013
728;2,2350211266399356;2,2367115433092977;00000;LF;1;0,0016904166693620937
729;2,2668191265596533;2,2685095432290154;00000;LF;1;0,0016904166693620937
730;2,298617126479371;2,300307543148733;00001;LF;1;0,0016904166693620937
731;2,3304141263990914;2,3321045430684535;00000;LF;1;0,0016904166693620937
732;2,362212126318809;2,3639025429881713;00001;LF;1;0,0016904166693620937
733;2,394010126238527;2,395700542907889;00000;LF;1;0,0016904166693620937
734;2,4258081261582447;2,427498542827607;00000;LF;1;0,0016904166693620937
735;2,457605126077965;2,459295542747327;00000;LF;1;0,0016904166693620937
736;2,489351125997814;2,491327542666454;-00001;LF;1;0,001976416668640013
737;2,5214351259168097;2,523125542586172;00000;LF;1;0,0016904166693620937
738;2,5532331258365275;2,5549235425058896;00000;LF;1;0,0016904166693620937
739;2,5849791257563766;2,5869555424250166;-00001;LF;1;0,001976416668640013
740;2,6170621256753748;2,618752542344737;00001;LF;1;0,0016904166693620937
741;2,648808125595224;2,650784542263864;-00001;LF;1;0,001976416668640013
742;2,6808921255142195;2,6825825421835816;00000;LF;1;0,0016904166693620937
743;2,7126381254340686;2,7146145421027086;-00001;LF;1;0,001976416668640013
744;2,744721125353067;2,746411542022429;00001;LF;1;0,0016904166693620937
745;2,776467125272916;2,778443541941556;-00001;LF;1;0,001976416668640013
746;2,8085511251919115;2,8102415418612736;00000;LF;1;0,0016904166693620937
747;2,8402971251117606;2,8422735417804006;-00001;LF;1;0,001976416668640013
748;2,8723811250307563;2,8740715417001184;00000;LF;1;0,0016904166693620937
749;2,9041781249504766;2,9058685416198387;00000;LF;1;0,0016904166693620937
750;2,9359241248703256;2,9379005415389656;-00001;LF;1;0,001976416668640013
751;2,9680081247893213;2,9696985414586834;00001;LF;1;0,0016904166693620937
752;2,9997541247091704;3,0017305413778104;-00001;LF;1;0,001976416668640013
753;3,0318371246281686;3,0335275412975307;00001;LF;1;0,0016904166693620937
754;3,0635831245480176;3,0655595412166576;-00001;LF;1;0,001976416668640013
755;3,0956671244670133;3,0973575411363754;00001;LF;1;0,0016904166693620937
756;3,1274131243868624;3,1293895410555024;-00001;LF;1;0,001976416668640013
757;3,1594961243058606;3,1611865409752227;00001;LF;1;0,0016904166693620937
758;3,1912421242257096;3,1932185408943496;-00001;LF;1;0,001976416668640013
759;3,2233261241447053;3,2250165408140674;00000;LF;1;0,0016904166693620937
760;3,2550721240645544;3,2570485407331944;-00001;LF;1;0,001976416668640013
761;3,28715612398355;3,288846540652912;00000;LF;1;0,0016904166693620937
762;3,3189531239032704;3,3206435405726324;00000;LF;1;0,0016904166693620937
763;3,350751123822988;3,35244154049235;00000;LF;1;0,0016904166693620937
764;3,382497123742837;3,384473540411477;-00001;LF;1;0,001976416668640013
765;3,414581123661833;3,416271540331195;00000;LF;1;0,0016904166693620937
766;3,4463261235816844;3,4483025402503245;-00001;LF;1;0,001976416668640013
767;3,47841012350068;3,4801005401700422;00000;LF;1;0,0016904166693620937
768;3,510156123420529;3,512132540089169;-00001;LF;1;0,001976416668640013
769;3,542240123339525;3,543930540008887;00000;LF;1;0,0016904166693620937
770;3,5740381232592426;3,5757285399286047;00000;LF;1;0,0016904166693620937
771;3,605835123178963;3,607525539848325;00000;LF;1;0,0016904166693620937
772;3,637581123098812;3,639557539767452;-00001;LF;1;0,001976416668640013
773;3,6696651230178077;3,6713555396871698;00000;LF;1;0,0016904166693620937
774;3,7014631229375254;3,7031535396068875;00000;LF;1;0,0016904166693620937
775;3,7332601228572457;3,734950539526608;00000;LF;1;0,0016904166693620937
776;3,7650581227769635;3,7667485394463256;00000;LF;1;0,0016904166693620937
777;3,7968561226966813;3,7985465393660434;00000;LF;1;0,0016904166693620937
778;3,828654122616399;3,830344539285761;00000;LF;1;0,0016904166693620937
779;3,860400122536248;3,862376539204888;-00001;LF;1;0,001976416668640013
780;3,8924311224553776;3,8944075391240176;-00001;LF;1;0,001976416668640013
781;3,9244631223745046;3,9264395390431446;-00002;LF;1;0,001976416668640013
782;3,9564951222936315;3,9584715389622716;-00003;LF;1;0,001976416668640013
783;3,9885271222127585;3,9905035388813985;-00003;LF;1;0,001976416668640013
784;4,020558122131888;4,022534538800528;-00005;LF;1;0,001976416668640013
785;4,052590122051015;4,054566538719655;-00007;LF;1;0,001976416668640013
786;4,084622121970142;4,086598538638782;-00010;LF;1;0,001976416668640013
787;4,116654121889269;4,118630538557909;-00010;LF;1;0,001976416668640013
788;4,148685121808398;4,1506615384770384;-00012;LF;1;0,001976416668640013
789;4,180717121727525;4,182693538396165;-00016;LF;1;0,001976416668640013
790;4,212749121646652;4,214725538315292;-00018;LF;1;0,001976416668640013
791;4,244781121565779;4,246757538234419;-00021;LF;1;0,001976416668640013
792;4,276813121484906;4,278789538153546;-00025;LF;1;0,001976416668640013
793;4,308844121404036;4,310820538072676;-00028;LF;1;0,001976416668640013
794;4,340876121323163;4,342852537991803;-00030;LF;1;0,001976416668640013
795;4,37290812124229;4,37488453791093;-00033;LF;1;0,001976416668640013
796;4,404940121161417;4,406916537830057;-00036;LF;1;0,001976416668640013
797;4,436971121080546;4,438947537749186;-00039;LF;1;0,001976416668640013
798;4,469003120999673;4,470979537668313;-00039;LF;1;0,001976416668640013
799;4,5010351209188;4,50301153758744;-00039;LF;1;0,001976416668640013
800;4,533067120837927;4,535043537506567;-00040;LF;1;0,001976416668640013
801;4,565099120757054;4,567075537425694;-00042;LF;1;0,001976416668640013
802;4,597130120676184;4,599106537344824;-00041;LF;1;0,001976416668640013
803;4,629162120595311;4,631138537263951;-00042;LF;1;0,001976416668640013
804;4,661194120514438;4,663170537183078;-00043;LF;1;0,001976416668640013
805;4,693226120433565;4,695202537102205;-00043;LF;1;0,001976416668640013
806;4,725257120352694;4,727233537021334;-00042;LF;1;0,001976416668640013
807;4,757289120271821;4,759265536940461;-00042;LF;1;0,001976416668640013
808;4,789321120190948;4,791297536859588;-00042;LF;1;0,001976416668640013
809;4,821353120110075;4,823329536778715;-00042;LF;1;0,001976416668640013
810;4,853385120029202;4,855361536697842;-00041;LF;1;0,001976416668640013
811;4,8854161199483315;4,8873925366169715;-00041;LF;1;0,001976416668640013
812;4,9174481198674584;4,9194245365360985;-00040;LF;1;0,001976416668640013
813;4,949480119786585;4,951456536455225;-00040;LF;1;0,001976416668640013
814;4,981512119705712;4,983488536374352;-00038;LF;1;0,001976416668640013
815;5,013543119624842;5,015519536293482;-00034;LF;1;0,001976416668640013
816;5,045575119543969;5,047551536212609;-00032;LF;1;0,001976416668640013
817;5,077607119463096;5,079583536131736;-00030;LF;1;0,001976416668640013
818;5,109639119382223;5,111615536050863;-00026;LF;1;0,001976416668640013
819;5,141670119301352;5,143646535969992;-00022;LF;1;0,001976416668640013
820;5,173702119220479;5,175678535889119;-00018;LF;1;0,001976416668640013
821;5,205734119139606;5,207710535808246;-00013;LF;1;0,001976416668640013
822;5,237766119058733;5,239742535727373;-00009;LF;1;0,001976416668640013
823;5,26979811897786;5,2717745356465;-00007;LF;1;0,001976416668640013
824;5,30182911889699;5,30380553556563;-00006;LF;1;0,001976416668640013
825;5,333861118816117;5,335837535484757;-00004;LF;1;0,001976416668640013
826;5,365893118735244;5,367869535403884;-00003;LF;1;0,001976416668640013
827;5,397925118654371;5,399901535323011;-00002;LF;1;0,001976416668640013
828;5,4299561185735;5,43193253524214;-00001;LF;1;0,001976416668640013
829;5,461988118492627;5,463964535161267;-00001;LF;1;0,001976416668640013
830;5,494020118411754;5,495996535080394;-00001;LF;1;0,001976416668640013
831;5,526052118330881;5,528028534999521;-00001;LF;1;0,001976416668640013
832;5,558136118249877;5,559826534919239;00000;LF;1;0,0016904166693620937
833;5,589881118169728;5,591857534838368;-00001;LF;1;0,001976416668640013
834;5,621965118088724;5,623655534758086;00000;LF;1;0,0016904166693620937
835;5,653763118008442;5,655453534677804;00001;LF;1;0,0016904166693620937
836;5,6855611179281595;5,687251534597522;00000;LF;1;0,0016904166693620937
837;5,71735811784788;5,719048534517242;00000;LF;1;0,0016904166693620937
838;5,749156117767598;5,75084653443696;00001;LF;1;0,0016904166693620937
839;5,780954117687315;5,7826445343566775;00000;LF;1;0,0016904166693620937
840;5,812752117607033;5,814442534276395;00000;LF;1;0,0016904166693620937
841;5,844550117526751;5,846240534196113;00000;LF;1;0,0016904166693620937
842;5,876347117446471;5,878037534115833;00000;LF;1;0,0016904166693620937
843;5,908145117366189;5,909835534035551;00001;LF;1;0,0016904166693620937
844;5,939891117286038;5,941867533954678;-00001;LF;1;0,001976416668640013
845;5,971975117205034;5,973665533874396;00000;LF;1;0,0016904166693620937
846;6,003772117124754;6,005462533794116;00001;LF;1;0,0016904166693620937
847;6,035570117044472;6,037260533713834;00000;LF;1;0,0016904166693620937
848;6,0673681169641895;6,069058533633552;00000;LF;1;0,0016904166693620937
849;6,099166116883907;6,100856533553269;00000;LF;1;0,0016904166693620937
850;6,130964116803625;6,13265353347299;00000;LF;1;0,0016894166693646184
851;6,162761116723345;6,1644515333927075;00000;LF;1;0,0016904166693620937
852;6,194559116643063;6,196249533312425;00000;LF;1;0,0016904166693620937
853;6,226357116562781;6,228047533232143;00001;LF;1;0,0016904166693620937
854;6,258155116482499;6,259845533151861;00000;LF;1;0,0016904166693620937
855;6,289952116402219;6,291642533071581;00000;LF;1;0,0016904166693620937
856;6,321750116321937;6,323440532991299;00000;LF;1;0,0016904166693620937
857;6,353496116241786;6,355472532910426;-00001;LF;1;0,001976416668640013
858;6,3855801161607815;6,387270532830144;00001;LF;1;0,0016904166693620937
859;6,417325116080633;6,419301532749273;-00001;LF;1;0,001976416668640013
860;6,449409115999629;6,451099532668991;00001;LF;1;0,0016904166693620937
861;6,481155115919478;6,483131532588118;-00001;LF;1;0,001976416668640013
862;6,5132391158384735;6,514929532507836;00000;LF;1;0,0016904166693620937
863;6,5449851157583225;6,5469615324269625;-00001;LF;1;0,001976416668640013
864;6,577068115677321;6,578758532346683;00001;LF;1;0,0016904166693620937
865;6,60881411559717;6,61079053226581;-00001;LF;1;0,001976416668640013
866;6,6408981155161655;6,642588532185528;00001;LF;1;0,0016904166693620937
867;6,6726441154360145;6,674620532104655;-00001;LF;1;0,001976416668640013
868;6,704727115355013;6,706417532024375;00000;LF;1;0,0016904166693620937
869;6,736473115274862;6,738449531943502;-00001;LF;1;0,001976416668640013
870;6,7685571151938575;6,77024753186322;00000;LF;1;0,0016904166693620937
871;6,800355115113575;6,802045531782937;00000;LF;1;0,0016904166693620937
872;6,832101115033424;6,834077531702064;-00001;LF;1;0,001976416668640013
873;6,8641841149524225;6,865874531621785;00001;LF;1;0,0016904166693620937
874;6,895930114872272;6,897906531540912;-00001;LF;1;0,001976416668640013
875;6,928014114791267;6,929704531460629;00001;LF;1;0,0016904166693620937
876;6,959760114711116;6,961736531379756;-00001;LF;1;0,001976416668640013
877;6,9918431146301145;6,993533531299477;00001;LF;1;0,0016904166693620937
878;7,023589114549964;7,025565531218604;-00001;LF;1;0,001976416668640013
879;7,055673114468959;7,057363531138321;00001;LF;1;0,0016904166693620937
880;7,087419114388808;7,089395531057448;-00001;LF;1;0,001976416668640013
881;7,119503114307804;7,121192530977169;00001;LF;1;0,0016894166693646184
882;7,151248114227656;7,153224530896296;-00001;LF;1;0,001976416668640013
883;7,183332114146651;7,185022530816013;00001;LF;1;0,0016904166693620937
884;7,2150781140665;7,21705453073514;-00001;LF;1;0,001976416668640013
885;7,247162113985496;7,248852530654858;00001;LF;1;0,0016904166693620937
886;7,278907113905348;7,280883530573988;-00001;LF;1;0,001976416668640013
887;7,310991113824343;7,312681530493705;00000;LF;1;0,0016904166693620937
888;7,342737113744192;7,344713530412832;-00001;LF;1;0,001976416668640013
889;7,374821113663188;7,37651153033255;00001;LF;1;0,0016904166693620937
890;7,40656611358304;7,40854253025168;-00001;LF;1;0,001976416668640013
891;7,438650113502035;7,440340530171397;00001;LF;1;0,0016904166693620937
892;7,470396113421884;7,472372530090524;-00001;LF;1;0,001976416668640013
893;7,50248011334088;7,504170530010242;00000;LF;1;0,0016904166693620937
894;7,534226113260729;7,536202529929369;-00001;LF;1;0,001976416668640013
895;7,566309113179727;7,567999529849089;00001;LF;1;0,0016904166693620937
896;7,598055113099576;7,600031529768216;-00001;LF;1;0,001976416668640013
897;7,630139113018572;7,631829529687934;00001;LF;1;0,0016904166693620937
898;7,661885112938421;7,663861529607061;-00001;LF;1;0,001976416668640013
899;7,693968112857419;7,695658529526781;00000;LF;1;0,0016904166693620937
900;7,725766112777137;7,727456529446499;00000;LF;1;0,0016904166693620937
901;7,757512112696986;7,759488529365626;-00001;LF;1;0,001976416668640013
902;7,789596112615982;7,791286529285344;00001;LF;1;0,0016904166693620937
903;7,821342112535831;7,823318529204471;-00001;LF;1;0,001976416668640013
904;7,853425112454829;7,855115529124191;00000;LF;1;0,0016904166693620937
905;7,885171112374678;7,887147529043318;-00001;LF;1;0,001976416668640013
906;7,917255112293674;7,918945528963036;00001;LF;1;0,0016904166693620937
907;7,949001112213523;7,950977528882163;-00001;LF;1;0,001976416668640013
908;7,981084112132521;7,982774528801883;00000;LF;1;0,0016904166693620937
909;8,01283011205237;8,01480652872101;-00001;LF;1;0,001976416668640013
910;8,044914111971366;8,046604528640728;00000;LF;1;0,0016904166693620937
911;8,076712111891084;8,078402528560446;00000;LF;1;0,0016904166693620937
912;8,108458111810933;8,110434528479573;-00001;LF;1;0,001976416668640013
913;8,140541111729931;8,142231528399293;00000;LF;1;0,0016904166693620937
914;8,172339111649649;8,17402952831901;00000;LF;1;0,0016904166693620937
915;8,204137111569366;8,205827528238729;00000;LF;1;0,0016904166693620937
916;8,235935111489084;8,237625528158446;00000;LF;1;0,0016904166693620937
917;8,267680111408936;8,269656528077576;-00001;LF;1;0,001976416668640013
918;8,299712111328063;8,301688527996703;-00001;LF;1;0,001976416668640013
919;8,33174411124719;8,33372052791583;-00001;LF;1;0,001976416668640013
920;8,363776111166317;8,365752527834957;-00002;LF;1;0,001976416668640013
921;8,395807111085446;8,397783527754086;-00003;LF;1;0,001976416668640013
922;8,427839111004573;8,429815527673213;-00003;LF;1;0,001976416668640013
923;8,4598711109237;8,46184752759234;-00005;LF;1;0,001976416668640013
924;8,491903110842827;8,493879527511467;-00008;LF;1;0,001976416668640013
925;8,523935110761954;8,525911527430594;-00009;LF;1;0,001976416668640013
926;8,555966110681084;8,557942527349724;-00011;LF;1;0,001976416668640013
927;8,58799811060021;8,58997452726885;-00015;LF;1;0,001976416668640013
928;8,620030110519338;8,622006527187978;-00021;LF;1;0,001976416668640013
929;8,652062110438465;8,654038527107105;-00026;LF;1;0,001976416668640013
930;8,684093110357594;8,686069527026234;-00033;LF;1;0,001976416668640013
931;8,716125110276721;8,718101526945361;-00039;LF;1;0,001976416668640013
932;8,748157110195848;8,750133526864488;-00046;LF;1;0,001976416668640013
933;8,780189110114975;8,782165526783615;-00053;LF;1;0,001976416668640013
934;8,812221110034102;8,814197526702742;-00062;LF;1;0,001976416668640013
935;8,844252109953231;8,846228526621871;-00069;LF;1;0,001976416668640013
936;8,876284109872358;8,878260526540998;-00077;LF;1;0,001976416668640013
937;8,908316109791485;8,910292526460125;-00083;LF;1;0,001976416668640013
938;8,940348109710612;8,942324526379252;-00091;LF;1;0,001976416668640013
939;8,972379109629742;8,974355526298382;-00098;LF;1;0,001976416668640013
940;9,004411109548869;9,006387526217509;-00104;LF;1;0,001976416668640013
941;9,036443109467996;9,038419526136636;-00110;LF;1;0,001976416668640013
942;9,068475109387123;9,070451526055763;-00111;LF;1;0,001976416668640013
943;9,10050710930625;9,102482525974892;-00109;LF;1;0,001975416668642538
944;9,13253810922538;9,13451452589402;-00109;LF;1;0,001976416668640013
945;9,164570109144506;9,166546525813146;-00110;LF;1;0,001976416668640013
946;9,196602109063633;9,198578525732273;-00110;LF;1;0,001976416668640013
947;9,22863410898276;9,2306105256514;-00108;LF;1;0,001976416668640013
948;9,26066510890189;9,26264152557053;-00105;LF;1;0,001976416668640013
949;9,292697108821017;9,294673525489657;-00101;LF;1;0,001976416668640013
950;9,324729108740144;9,326705525408784;-00097;LF;1;0,001976416668640013
951;9,35676110865927;9,35873752532791;-00094;LF;1;0,001976416668640013
952;9,3887921085784;9,39076852524704;-00090;LF;1;0,001976416668640013
953;9,420824108497527;9,422800525166167;-00084;LF;1;0,001976416668640013
954;9,452856108416654;9,454832525085294;-00076;LF;1;0,001976416668640013
955;9,484888108335781;9,486864525004421;-00068;LF;1;0,001976416668640013
956;9,516920108254908;9,518896524923548;-00057;LF;1;0,001976416668640013
957;9,548951108174037;9,550927524842677;-00049;LF;1;0,001976416668640013
958;9,580983108093164;9,582959524761804;-00039;LF;1;0,001976416668640013
959;9,613015108012291;9,614991524680931;-00032;LF;1;0,001976416668640013
960;9,645047107931418;9,647023524600058;-00028;LF;1;0,001976416668640013
961;9,677078107850548;9,679054524519188;-00023;LF;1;0,001976416668640013
962;9,709110107769675;9,711086524438315;-00018;LF;1;0,001976416668640013
963;9,741142107688802;9,743118524357442;-00015;LF;1;0,001976416668640013
964;9,773174107607929;9,775150524276569;-00011;LF;1;0,001976416668640013
965;9,805206107527056;9,807182524195696;-00008;LF;1;0,001976416668640013
966;9,837237107446185;9,839213524114825;-00006;LF;1;0,001976416668640013
967;9,869269107365312;9,871245524033952;-00003;LF;1;0,001976416668640013
968;9,90130110728444;9,90327752395308;-00003;LF;1;0,001976416668640013
969;9,933333107203566;9,935309523872206;-00002;LF;1;0,001976416668640013
970;9,965364107122696;9,967340523791336;-00001;LF;1;0,001976416668640013
971;9,997396107041823;9,999372523710463;-00001;LF;1;0,001976416668640013
972;10,029480106960818;10,03117052363018;00000;LF;1;0,0016904166693620937
973;10,061278106880536;10,062968523549898;00000;LF;1;0,0016904166693620937
974;10,093076106800254;10,094765523469619;00000;LF;1;0,0016894166693646184
975;10,124873106719974;10,126563523389336;00000;LF;1;0,0016904166693620937
976;10,156671106639692;10,158361523309054;00000;LF;1;0,0016904166693620937
977;10,188417106559541;10,190393523228181;-00001;LF;1;0,001976416668640013
978;10,220501106478537;10,222191523147899;00001;LF;1;0,0016904166693620937
979;10,252298106398257;10,253988523067619;00000;LF;1;0,0016904166693620937
980;10,284096106317975;10,285786522987337;00000;LF;1;0,0016904166693620937
981;10,315894106237693;10,317584522907055;00000;LF;1;0,0016904166693620937
982;10,34769210615741;10,349382522826772;00001;LF;1;0,0016904166693620937
983;10,37948910607713;10,381179522746493;00001;LF;1;0,0016904166693620937
984;10,41123510599698;10,41321152266562;-00001;LF;1;0,001976416668640013
985;10,443319105915975;10,445009522585337;00001;LF;1;0,0016904166693620937
986;10,475065105835824;10,477041522504464;-00001;LF;1;0,001976416668640013
987;10,50714910575482;10,508839522424182;00000;LF;1;0,0016904166693620937
988;10,53894610567454;10,540636522343902;00000;LF;1;0,0016904166693620937
989;10,57069210559439;10,57266852226303;-00001;LF;1;0,001976416668640013
990;10,602776105513385;10,604466522182747;00001;LF;1;0,0016904166693620937
991;10,634522105433234;10,636498522101874;-00001;LF;1;0,001976416668640013
992;10,666605105352232;10,668295522021594;00001;LF;1;0,0016904166693620937
993;10,698351105272081;10,700327521940721;-00001;LF;1;0,001976416668640013
994;10,730435105191077;10,73212552186044;00001;LF;1;0,0016904166693620937
995;10,762181105110926;10,764157521779566;-00001;LF;1;0,001976416668640013
996;10,794265105029922;10,795955521699284;00001;LF;1;0,0016904166693620937
997;10,826010104949773;10,827986521618413;-00001;LF;1;0,001976416668640013
998;10,85809410486877;10,859784521538131;00000;LF;1;0,0016904166693620937
999;10,889840104788618;10,891816521457258;-00001;LF;1;0,001976416668640013
1000;10,921924104707614;10,923614521376976;00000;LF;1;0,0016904166693620937
1001;10,953669104627465;10,955645521296105;-00001;LF;1;0,001976416668640013
1002;10,985753104546461;10,987443521215823;00000;LF;1;0,0016904166693620937
1003;11,017551104466179;11,019241521135541;00000;LF;1;0,0016904166693620937
1004;11,049297104386028;11,051273521054668;-00001;LF;1;0,001976416668640013
1005;11,081381104305024;11,083070520974388;00000;LF;1;0,0016894166693646184
1006;11,113178104224744;11,114868520894106;00001;LF;1;0,0016904166693620937
1007;11,144924104144593;11,146900520813233;-00001;LF;1;0,001976416668640013
1008;11,177008104063589;11,17869852073295;00001;LF;1;0,0016904166693620937
1009;11,208754103983438;11,210730520652078;-00001;LF;1;0,001976416668640013
1010;11,240837103902436;11,242527520571798;00000;LF;1;0,0016904166693620937
1011;11,272635103822154;11,274325520491516;00000;LF;1;0,0016904166693620937
1012;11,304433103741871;11,306123520411234;00000;LF;1;0,0016904166693620937
1013;11,33617910366172;11,33815552033036;-00001;LF;1;0,001976416668640013
1014;11,368262103580719;11,36995252025008;00001;LF;1;0,0016904166693620937
1015;11,400008103500568;11,401984520169208;-00001;LF;1;0,001976416668640013
1016;11,432092103419564;11,433782520088926;00001;LF;1;0,0016904166693620937
1017;11,463838103339413;11,465814520008053;-00001;LF;1;0,001976416668640013
1018;11,495922103258408;11,49761251992777;00001;LF;1;0,0016904166693620937
1019;11,52766710317826;11,5296435198469;-00001;LF;1;0,001976416668640013
1020;11,559751103097256;11,561441519766618;00000;LF;1;0,0016904166693620937
1021;11,591549103016973;11,593239519686335;00000;LF;1;0,0016904166693620937
1022;11,623347102936691;11,625037519606053;00001;LF;1;0,0016904166693620937
1023;11,655144102856411;11,656834519525773;00000;LF;1;0,0016904166693620937
1024;11,686942102776129;11,688632519445491;00001;LF;1;0,0016904166693620937
1025;11,718740102695847;11,720430519365209;00000;LF;1;0,0016904166693620937
1026;11,750486102615696;11,752462519284336;-00001;LF;1;0,001976416668640013
1027;11,782570102534692;11,784260519204054;00000;LF;1;0,0016904166693620937
1028;11,814367102454412;11,816057519123774;00000;LF;1;0,0016904166693620937
1029;11,84616510237413;11,847855519043492;00001;LF;1;0,0016904166693620937
1030;11,877963102293847;11,87965351896321;00000;LF;1;0,0016904166693620937
1031;11,909761102213565;11,911451518882927;00000;LF;1;0,0016904166693620937
1032;11,941558102133286;11,943248518802648;00000;LF;1;0,0016904166693620937
1033;11,973304102053135;11,975280518721775;-00001;LF;1;0,001976416668640013
1034;12,00538810197213;12,007078518641492;00000;LF;1;0,0016904166693620937
1035;12,037186101891848;12,03887651856121;00000;LF;1;0,0016904166693620937
1036;12,068984101811566;12,070674518480928;00001;LF;1;0,0016904166693620937
1037;12,100781101731286;12,102471518400648;00000;LF;1;0,0016904166693620937
1038;12,132579101651004;12,134269518320366;00000;LF;1;0,0016904166693620937
1039;12,164377101570722;12,166067518240084;00001;LF;1;0,0016904166693620937
1040;12,19617510149044;12,197865518159801;00000;LF;1;0,0016904166693620937
1041;12,227920101410291;12,229896518078931;-00001;LF;1;0,001976416668640013
1042;12,260004101329287;12,261694517998649;00001;LF;1;0,0016904166693620937
1043;12,291750101249136;12,293726517917776;-00001;LF;1;0,001976416668640013
1044;12,323834101168131;12,325524517837493;00001;LF;1;0,0016904166693620937
1045;12,355579101087983;12,357555517756623;-00001;LF;1;0,001976416668640013
1046;12,387663101006979;12,38935351767634;00001;LF;1;0,0016904166693620937
1047;12,419409100926828;12,421385517595468;-00001;LF;1;0,001976416668640013
1048;12,451493100845823;12,453183517515185;00000;LF;1;0,0016904166693620937
1049;12,483291100765541;12,484981517434903;00000;LF;1;0,0016904166693620937
1050;12,515036100685393;12,517012517354033;-00001;LF;1;0,001976416668640013
1051;12,547120100604388;12,54881051727375;00001;LF;1;0,0016904166693620937
1052;12,578866100524237;12,580842517192877;-00001;LF;1;0,001976416668640013
1053;12,610950100443233;12,612640517112595;00001;LF;1;0,0016904166693620937
1054;12,642695100363085;12,644671517031725;-00001;LF;1;0,001976416668640013
1055;12,67477910028208;12,676469516951443;00001;LF;1;0,0016904166693620937
1056;12,70652510020193;12,70850151687057;-00001;LF;1;0,001976416668640013
1057;12,738609100120925;12,740299516790287;00001;LF;1;0,0016904166693620937
1058;12,770355100040774;12,772331516709414;-00001;LF;1;0,001976416668640013
1059;12,802438099959772;12,804128516629135;00001;LF;1;0,0016904166693620937
1060;12,834184099879621;12,836160516548262;-00001;LF;1;0,001976416668640013
1061;12,866268099798617;12,86795851646798;00000;LF;1;0,0016904166693620937
1062;12,898014099718466;12,899990516387106;-00001;LF;1;0,001976416668640013
1063;12,930097099637464;12,931787516306827;00001;LF;1;0,0016904166693620937
1064;12,961843099557314;12,963819516225954;-00001;LF;1;0,001976416668640013
1065;12,99392709947631;12,995617516145671;00001;LF;1;0,0016904166693620937
1066;13,025673099396158;13,027649516064798;-00001;LF;1;0,001976416668640013
1067;13,057757099315154;13,059447515984516;00000;LF;1;0,0016904166693620937
1068;13,089502099235006;13,091478515903646;-00001;LF;1;0,001976416668640013
1069;13,121586099154001;13,123276515823363;00001;LF;1;0,0016904166693620937
1070;13,15333209907385;13,15530851574249;-00001;LF;1;0,001976416668640013
1071;13,185416098992846;13,187106515662208;00001;LF;1;0,0016904166693620937
1072;13,217161098912698;13,219137515581338;-00001;LF;1;0,001976416668640013
1073;13,249245098831693;13,250935515501055;00001;LF;1;0,0016904166693620937
1074;13,280991098751542;13,282967515420182;-00001;LF;1;0,001976416668640013
1075;13,313075098670538;13,3147655153399;00001;LF;1;0,0016904166693620937
1076;13,34482009859039;13,34679651525903;-00001;LF;1;0,001976416668640013
1077;13,376904098509385;13,378594515178747;00001;LF;1;0,0016904166693620937
1078;13,408650098429234;13,410626515097874;-00001;LF;1;0,001976416668640013
1079;13,44073409834823;13,442424515017592;00000;LF;1;0,0016904166693620937
1080;13,472532098267948;13,47422251493731;00000;LF;1;0,0016904166693620937
1081;13,5042770981878;13,50625351485644;-00001;LF;1;0,001976416668640013
1082;13,536361098106795;13,538051514776157;00001;LF;1;0,0016904166693620937
1083;13,568107098026644;13,570083514695284;-00001;LF;1;0,001976416668640013
1084;13,60019109794564;13,601881514615002;00001;LF;1;0,0016904166693620937
1085;13,631936097865491;13,633912514534131;-00001;LF;1;0,001976416668640013
1086;13,664020097784487;13,665710514453849;00001;LF;1;0,0016904166693620937
1087;13,695766097704336;13,697742514372976;-00001;LF;1;0,001976416668640013
1088;13,727850097623332;13,729540514292694;00001;LF;1;0,0016904166693620937
1089;13,75959609754318;13,76157251421182;-00001;LF;1;0,001976416668640013
1090;13,791679097462179;13,793369514131541;00001;LF;1;0,0016904166693620937
1091;13,823425097382028;13,825401514050668;-00001;LF;1;0,001976416668640013
1092;13,855509097301024;13,857199513970386;00001;LF;1;0,0016904166693620937
1093;13,887255097220873;13,889231513889513;-00001;LF;1;0,001976416668640013
1094;13,919338097139871;13,921028513809233;00001;LF;1;0,0016904166693620937
1095;13,95108409705972;13,95306051372836;-00001;LF;1;0,001976416668640013
1096;13,983168096978716;13,984858513648078;00001;LF;1;0,0016904166693620937
1097;14,014914096898565;14,016890513567205;-00001;LF;1;0,001976416668640013
1098;14,04699809681756;14,048688513486923;00001;LF;1;0,0016904166693620937
1099;14,078743096737412;14,080719513406052;-00001;LF;1;0,001976416668640013
1100;14,110827096656408;14,11251751332577;00001;LF;1;0,0016904166693620937
1101;14,142573096576257;14,144549513244897;-00001;LF;1;0,001976416668640013
1102;14,174657096495253;14,176347513164615;00001;LF;1;0,0016904166693620937
1103;14,206402096415104;14,208378513083744;-00001;LF;1;0,001976416668640013
1104;14,2384860963341;14,240176513003462;00001;LF;1;0,0016904166693620937
1105;14,270232096253949;14,272208512922589;-00001;LF;1;0,001976416668640013
1106;14,302316096172945;14,304006512842307;00001;LF;1;0,0016904166693620937
1107;14,334061096092796;14,336037512761436;-00001;LF;1;0,001976416668640013
1108;14,366145096011792;14,367835512681154;00000;LF;1;0,0016904166693620937
1109;14,39794309593151;14,399633512600872;00000;LF;1;0,0016904166693620937
1110;14,429741095851227;14,43143151252059;00000;LF;1;0,0016904166693620937
1111;14,461539095770945;14,463229512440307;00000;LF;1;0,0016904166693620937
1112;14,493336095690665;14,495026512360027;00001;LF;1;0,0016904166693620937
1113;14,525134095610383;14,526824512279745;00001;LF;1;0,0016904166693620937
1114;14,556932095530101;14,558622512199463;00001;LF;1;0,0016904166693620937
1115;14,588730095449819;14,59042051211918;00001;LF;1;0,0016904166693620937
1116;14,620527095369539;14,622217512038901;00001;LF;1;0,0016904166693620937
1117;14,652325095289257;14,654015511958619;00001;LF;1;0,0016904166693620937
1118;14,684123095208975;14,685813511878337;00001;LF;1;0,0016904166693620937
1119;14,715921095128692;14,717611511798054;00001;LF;1;0,0016904166693620937
1120;14,74771909504841;14,749409511717772;00001;LF;1;0,0016904166693620937
1121;14,77951609496813;14,781206511637492;00001;LF;1;0,0016904166693620937
1122;14,811314094887848;14,81300451155721;00001;LF;1;0,0016904166693620937
1123;14,843112094807566;14,844802511476928;00001;LF;1;0,0016904166693620937
1124;14,874910094727284;14,876600511396646;00001;LF;1;0,0016904166693620937
1125;14,906707094647004;14,908397511316366;00001;LF;1;0,0016904166693620937
1126;14,938505094566722;14,940195511236084;00001;LF;1;0,0016904166693620937
1127;14,97030309448644;14,971993511155802;00001;LF;1;0,0016904166693620937
1128;15,002101094406157;15,00379151107552;00001;LF;1;0,0016904166693620937
1129;15,033899094325875;15,035589510995237;00001;LF;1;0,0016904166693620937
1130;15,065696094245595;15,067386510914957;00001;LF;1;0,0016904166693620937
1131;15,097494094165313;15,099184510834675;00001;LF;1;0,0016904166693620937
1132;15,12929209408503;15,130982510754393;00001;LF;1;0,0016904166693620937
1133;15,161090094004749;15,16278051067411;00001;LF;1;0,0016904166693620937
1134;15,192887093924469;15,194577510593831;00001;LF;1;0,0016904166693620937
1135;15,224685093844187;15,226375510513549;00000;LF;1;0,0016904166693620937
1136;15,256483093763904;15,258173510433267;00000;LF;1;0,0016904166693620937
1137;15,288281093683622;15,289971510352984;00001;LF;1;0,0016904166693620937
1138;15,32007909360334;15,321769510272702;00000;LF;1;0,0016904166693620937
1139;15,35187609352306;15,353566510192422;00001;LF;1;0,0016904166693620937
1140;15,383674093442778;15,38536451011214;00001;LF;1;0,0016904166693620937
1141;15,415472093362496;15,417162510031858;00001;LF;1;0,0016904166693620937
1142;15,447270093282214;15,448960509951576;00001;LF;1;0,0016904166693620937
1143;15,479067093201934;15,480757509871296;00001;LF;1;0,0016904166693620937
1144;15,510865093121652;15,512555509791014;00001;LF;1;0,0016904166693620937
1145;15,54266309304137;15,544353509710731;00001;LF;1;0,0016904166693620937
1146;15,574461092961087;15,57615150963045;00001;LF;1;0,0016904166693620937
1147;15,606258092880807;15,60794850955017;00001;LF;1;0,0016904166693620937
1148;15,638056092800525;15,639746509469887;00001;LF;1;0,0016904166693620937
1149;15,669854092720243;15,671544509389605;00001;LF;1;0,0016904166693620937
1150;15,70165209263996;15,703342509309323;00001;LF;1;0,0016904166693620937
1151;15,733450092559679;15,73514050922904;00001;LF;1;0,0016904166693620937
1152;15,765247092479399;15,766937509148761;00001;LF;1;0,0016904166693620937
1153;15,797045092399117;15,798735509068479;00001;LF;1;0,0016904166693620937
1154;15,828843092318834;15,830533508988196;00001;LF;1;0,0016904166693620937
1155;15,860641092238552;15,862331508907914;00001;LF;1;0,0016904166693620937
1156;15,892438092158272;15,894128508827635;00001;LF;1;0,0016904166693620937
1157;15,92423609207799;15,925926508747352;00001;LF;1;0,0016904166693620937
1158;15,956034091997708;15,95772450866707;00001;LF;1;0,0016904166693620937
1159;15,987832091917426;15,989522508586788;00001;LF;1;0,0016904166693620937
1160;16,019630091837143;16,021320508506506;00001;LF;1;0,0016904166693620937
1161;16,051427091756864;16,053117508426226;00001;LF;1;0,0016904166693620937
1162;16,08322509167658;16,084915508345944;00001;LF;1;0,0016904166693620937
1163;16,1150230915963;16,11671350826566;00001;LF;1;0,0016904166693620937
1164;16,146821091516017;16,14851150818538;00001;LF;1;0,0016904166693620937
1165;16,178618091435737;16,1803085081051;00001;LF;1;0,0016904166693620937
1166;16,210416091355455;16,212106508024817;00001;LF;1;0,0016904166693620937
1167;16,242214091275173;16,243904507944535;00001;LF;1;0,0016904166693620937
1168;16,27401209119489;16,275702507864253;00001;LF;1;0,0016904166693620937
1169;16,30581009111461;16,30750050778397;00001;LF;1;0,0016904166693620937
1170;16,33760709103433;16,33929750770369;00000;LF;1;0,0016904166693620937
1171;16,369405090954046;16,37109550762341;00000;LF;1;0,0016904166693620937
1172;16,401203090873764;16,402893507543126;00000;LF;1;0,0016904166693620937
1173;16,433001090793482;16,434691507462844;00000;LF;1;0,0016904166693620937
1174;16,464798090713202;16,466488507382564;00000;LF;1;0,0016904166693620937
1175;16,49654409063305;16,49852050730169;-00001;LF;1;0,001976416668640013
1176;16,528628090552047;16,53031850722141;00001;LF;1;0,0016904166693620937
1177;16,560374090471896;16,562350507140536;-00001;LF;1;0,001976416668640013
1178;16,592458090390892;16,594148507060254;00001;LF;1;0,0016904166693620937
1179;16,624203090310743;16,626179506979383;-00001;LF;1;0,001976416668640013
1180;16,65628709022974;16,6579775068991;00001;LF;1;0,0016904166693620937
1181;16,688033090149588;16,690009506818228;-00001;LF;1;0,001976416668640013
1182;16,720117090068584;16,721807506737946;00000;LF;1;0,0016904166693620937
1183;16,751862089988435;16,753838506657075;-00001;LF;1;0,001976416668640013
1184;16,78394608990743;16,785636506576793;00000;LF;1;0,0016904166693620937
1185;16,81569208982728;16,81766850649592;-00001;LF;1;0,001976416668640013
1186;16,847776089746276;16,849466506415638;00001;LF;1;0,0016904166693620937
1187;16,879521089666127;16,881497506334767;-00001;LF;1;0,001976416668640013
1188;16,911605089585123;16,913295506254485;00001;LF;1;0,0016904166693620937
1189;16,943351089504972;16,945327506173612;-00001;LF;1;0,001976416668640013
1190;16,975435089423968;16,97712550609333;00001;LF;1;0,0016904166693620937
1191;17,007181089343817;17,009157506012457;-00001;LF;1;0,001976416668640013
1192;17,039264089262815;17,040954505932177;00001;LF;1;0,0016904166693620937
1193;17,071010089182664;17,072986505851304;-00001;LF;1;0,001976416668640013
1194;17,10309408910166;17,104784505771022;00001;LF;1;0,0016904166693620937
1195;17,13484008902151;17,13681650569015;-00001;LF;1;0,001976416668640013
1196;17,166923088940507;17,16861350560987;00001;LF;1;0,0016904166693620937
1197;17,198669088860356;17,200645505528996;-00001;LF;1;0,001976416668640013
1198;17,230753088779352;17,232443505448714;00001;LF;1;0,0016904166693620937
1199;17,2624990886992;17,26447550536784;-00001;LF;1;0,001976416668640013
1200;17,294583088618197;17,29627350528756;00001;LF;1;0,0016904166693620937
1201;17,326328088538048;17,328304505206688;-00001;LF;1;0,001976416668640013
1202;17,358412088457044;17,360102505126406;00001;LF;1;0,0016904166693620937
1203;17,390158088376893;17,392134505045533;-00001;LF;1;0,001976416668640013
1204;17,42224208829589;17,42393250496525;00001;LF;1;0,0016904166693620937
1205;17,45398708821574;17,45596350488438;-00001;LF;1;0,001976416668640013
1206;17,486071088134736;17,487761504804098;00000;LF;1;0,0016904166693620937
1207;17,517869088054454;17,519559504723816;00000;LF;1;0,0016904166693620937
1208;17,549615087974303;17,551591504642943;-00001;LF;1;0,001976416668640013
1209;17,5816990878933;17,583388504562663;00001;LF;1;0,0016894166693646184
1210;17,61344408781315;17,61542050448179;-00001;LF;1;0,001976416668640013
1211;17,645528087732146;17,647218504401508;00001;LF;1;0,0016904166693620937
1212;17,677274087651995;17,679250504320635;-00001;LF;1;0,001976416668640013
1213;17,70935808757099;17,711048504240352;00001;LF;1;0,0016904166693620937
1214;17,741103087490842;17,743079504159482;-00001;LF;1;0,001976416668640013
1215;17,773187087409838;17,7748775040792;00001;LF;1;0,0016904166693620937
1216;17,804933087329687;17,806909503998327;-00001;LF;1;0,001976416668640013
1217;17,837017087248682;17,838707503918044;00001;LF;1;0,0016904166693620937
1218;17,868762087168534;17,870738503837174;-00001;LF;1;0,001976416668640013
1219;17,90084608708753;17,90253650375689;00001;LF;1;0,0016904166693620937
1220;17,93259208700738;17,93456850367602;-00001;LF;1;0,001976416668640013
1221;17,964676086926374;17,966366503595737;00001;LF;1;0,0016904166693620937
1222;17,996474086846092;17,998164503515454;00000;LF;1;0,0016904166693620937
1223;18,028219086765944;18,030195503434584;-00001;LF;1;0,001976416668640013
1224;18,06025108668507;18,06222750335371;-00001;LF;1;0,001976416668640013
1225;18,092335086604066;18,09402550327343;00001;LF;1;0,0016904166693620937
1226;18,124081086523915;18,126057503192555;-00001;LF;1;0,001976416668640013
1227;18,156164086442914;18,157854503112276;00000;LF;1;0,0016904166693620937
1228;18,18796208636263;18,189652503031994;00001;LF;1;0,0016904166693620937
1229;18,21970808628248;18,22168450295112;-00001;LF;1;0,001976416668640013
1230;18,251792086201476;18,25348250287084;00001;LF;1;0,0016904166693620937
1231;18,283538086121325;18,285514502789965;-00001;LF;1;0,001976416668640013
1232;18,315621086040323;18,317311502709686;00001;LF;1;0,0016904166693620937
1233;18,347367085960173;18,349343502628813;-00001;LF;1;0,001976416668640013
1234;18,379451085879168;18,38114150254853;00000;LF;1;0,0016904166693620937
1235;18,411249085798886;18,412939502468248;00000;LF;1;0,0016904166693620937
1236;18,442994085718738;18,444970502387378;-00001;LF;1;0,001976416668640013
1237;18,475078085637733;18,476768502307095;00001;LF;1;0,0016904166693620937
1238;18,506824085557582;18,508800502226222;-00001;LF;1;0,001976416668640013
1239;18,538908085476578;18,54059850214594;00001;LF;1;0,0016904166693620937
1240;18,570654085396427;18,57262950206507;-00001;LF;1;0,001975416668642538
1241;18,602737085315425;18,604427501984787;00000;LF;1;0,0016904166693620937
1242;18,634483085235274;18,636459501903914;-00001;LF;1;0,001976416668640013
1243;18,66656708515427;18,668257501823632;00001;LF;1;0,0016904166693620937
1244;18,69831308507412;18,70028950174276;-00001;LF;1;0,001976416668640013
1245;18,730396084993117;18,73208650166248;00001;LF;1;0,0016904166693620937
1246;18,762142084912966;18,764118501581606;-00001;LF;1;0,001976416668640013
1247;18,794226084831962;18,795916501501324;00001;LF;1;0,0016904166693620937
1248;18,82597208475181;18,82794850142045;-00001;LF;1;0,001976416668640013
1249;18,85805508467081;18,85974550134017;00001;LF;1;0,0016904166693620937
1250;18,88980108459066;18,8917775012593;-00001;LF;1;0,001976416668640013
1251;18,921885084509654;18,923575501179016;00001;LF;1;0,0016904166693620937
1252;18,953631084429503;18,955607501098143;-00001;LF;1;0,001976416668640013
1253;18,9857150843485;18,98740550101786;00000;LF;1;0,0016904166693620937
1254;19,01746008426835;19,01943650093699;-00001;LF;1;0,001976416668640013
1255;19,049544084187346;19,051234500856708;00000;LF;1;0,0016904166693620937
1256;19,081342084107064;19,083032500776426;00000;LF;1;0,0016904166693620937
1257;19,113088084026913;19,115064500695553;-00001;LF;1;0,001976416668640013
1258;19,14517108394591;19,146861500615273;00001;LF;1;0,0016904166693620937
1259;19,17691708386576;19,1788935005344;-00001;LF;1;0,001976416668640013
1260;19,209001083784756;19,210691500454118;00001;LF;1;0,0016904166693620937
1261;19,240747083704605;19,242723500373245;-00001;LF;1;0,001976416668640013
1262;19,2728310836236;19,274521500292963;00001;LF;1;0,0016904166693620937
1263;19,304576083543452;19,306552500212092;-00001;LF;1;0,001976416668640013
1264;19,336660083462448;19,33835050013181;00000;LF;1;0,0016904166693620937
1265;19,368406083382297;19,370382500050937;-00001;LF;1;0,001976416668640013
1266;19,400490083301293;19,402180499970655;00000;LF;1;0,0016904166693620937
1267;19,432235083221144;19,434211499889784;-00001;LF;1;0,001976416668640013
1268;19,46431908314014;19,466009499809502;00000;LF;1;0,0016904166693620937
1269;19,496117083059858;19,49780749972922;00000;LF;1;0,0016904166693620937
1270;19,527863082979707;19,529839499648347;-00001;LF;1;0,001976416668640013
1271;19,559947082898702;19,561636499568067;00001;LF;1;0,0016894166693646184
1272;19,591692082818554;19,593668499487194;-00001;LF;1;0,001976416668640013
1273;19,62377608273755;19,62546649940691;00001;LF;1;0,0016904166693620937
1274;19,6555220826574;19,65749849932604;-00001;LF;1;0,001976416668640013
1275;19,687606082576394;19,689296499245756;00001;LF;1;0,0016904166693620937
1276;19,719351082496246;19,721327499164886;-00001;LF;1;0,001976416668640013
1277;19,75143508241524;19,753125499084604;00001;LF;1;0,0016904166693620937
1278;19,78318108233509;19,78515749900373;-00001;LF;1;0,001976416668640013
1279;19,815265082254086;19,81695549892345;00000;LF;1;0,0016904166693620937
1280;19,847010082173938;19,848986498842578;-00001;LF;1;0,001976416668640013
1281;19,879094082092934;19,880784498762296;00001;LF;1;0,0016904166693620937
1282;19,910840082012783;19,912816498681423;-00001;LF;1;0,001976416668640013
1283;19,94292408193178;19,94461449860114;00001;LF;1;0,0016904166693620937
1284;19,974670081851627;19,976646498520267;-00001;LF;1;0,001976416668640013
1285;20,006753081770626;20,008443498439988;00001;LF;1;0,0016904166693620937
1286;20,038499081690475;20,040475498359115;-00001;LF;1;0,001976416668640013
1287;20,07058308160947;20,072273498278832;00001;LF;1;0,0016904166693620937
1288;20,10232908152932;20,10430549819796;-00001;LF;1;0,001976416668640013
1289;20,134412081448318;20,13610249811768;00000;LF;1;0,0016904166693620937
1290;20,166210081368035;20,167900498037397;00001;LF;1;0,0016904166693620937
1291;20,197956081287884;20,199932497956524;-00001;LF;1;0,001976416668640013
1292;20,23004008120688;20,231730497876242;00001;LF;1;0,0016904166693620937
1293;20,26178608112673;20,26376249779537;-00001;LF;1;0,001976416668640013
1294;20,293869081045727;20,29555949771509;00001;LF;1;0,0016904166693620937
1295;20,325615080965576;20,327591497634216;-00001;LF;1;0,001976416668640013
1296;20,357699080884572;20,359389497553934;00001;LF;1;0,0016904166693620937
1297;20,38944508080442;20,39142149747306;-00001;LF;1;0,001976416668640013
1298;20,42152808072342;20,42321849739278;00001;LF;1;0,0016904166693620937
1299;20,45327408064327;20,45525049731191;-00001;LF;1;0,001976416668640013
1300;20,485358080562264;20,487048497231626;00001;LF;1;0,0016904166693620937
1301;20,517104080482113;20,519080497150753;-00001;LF;1;0,001976416668640013
1302;20,54918808040111;20,550877497070474;00001;LF;1;0,0016894166693646184
1303;20,58093308032096;20,5829094969896;-00001;LF;1;0,001976416668640013
1304;20,613017080239956;20,61470749690932;00001;LF;1;0,0016904166693620937
1305;20,644763080159805;20,646739496828445;-00001;LF;1;0,001976416668640013
1306;20,6768470800788;20,678537496748163;00001;LF;1;0,0016904166693620937
1307;20,708592079998652;20,710568496667292;-00001;LF;1;0,001976416668640013
1308;20,740676079917648;20,74236649658701;00000;LF;1;0,0016904166693620937
1309;20,772474079837366;20,774164496506728;00000;LF;1;0,0016904166693620937
1310;20,804220079757215;20,806196496425855;-00001;LF;1;0,001976416668640013
1311;20,836303079676213;20,837993496345575;00001;LF;1;0,0016904166693620937
1312;20,868049079596062;20,870025496264702;-00001;LF;1;0,001976416668640013
1313;20,900133079515058;20,90182349618442;00001;LF;1;0,0016904166693620937
1314;20,931879079434907;20,933855496103547;-00001;LF;1;0,001976416668640013
1315;20,963963079353903;20,965653496023265;00001;LF;1;0,0016904166693620937
1316;20,995708079273754;20,997684495942394;-00001;LF;1;0,001976416668640013
1317;21,02779207919275;21,029482495862112;00000;LF;1;0,0016904166693620937
1318;21,0595380791126;21,06151449578124;-00001;LF;1;0,001976416668640013
1319;21,091622079031595;21,093312495700957;00001;LF;1;0,0016904166693620937
1320;21,123419078951315;21,125109495620677;00000;LF;1;0,0016904166693620937
1321;21,155217078871033;21,156907495540395;00001;LF;1;0,0016904166693620937
1322;21,186963078790882;21,188939495459522;-00001;LF;1;0,001976416668640013
1323;21,219047078709877;21,22073749537924;00001;LF;1;0,0016904166693620937
1324;21,250793078629727;21,252769495298367;-00001;LF;1;0,001976416668640013
1325;21,282876078548725;21,284566495218087;00000;LF;1;0,0016904166693620937
1326;21,314674078468443;21,316364495137805;00000;LF;1;0,0016904166693620937
1327;21,34642007838829;21,34839649505693;-00001;LF;1;0,001976416668640013
1328;21,378504078307287;21,38019449497665;00001;LF;1;0,0016904166693620937
1329;21,41024907822714;21,41222549489578;-00001;LF;1;0,001976416668640013
1330;21,442333078146135;21,444023494815497;00000;LF;1;0,0016904166693620937
1331;21,474079078065984;21,476055494734624;-00001;LF;1;0,001976416668640013
1332;21,50616307798498;21,50785349465434;00001;LF;1;0,0016904166693620937
1333;21,53790807790483;21,53988449457347;-00001;LF;1;0,001976416668640013
1334;21,569992077823827;21,57168249449319;00001;LF;1;0,0016904166693620937
1335;21,601738077743676;21,603714494412316;-00001;LF;1;0,001976416668640013
1336;21,63382207766267;21,635512494332033;00001;LF;1;0,0016904166693620937
1337;21,66556807758252;21,66754449425116;-00001;LF;1;0,001976416668640013
1338;21,69765107750152;21,69934149417088;00001;LF;1;0,0016904166693620937
1339;21,729397077421368;21,731373494090008;-00001;LF;1;0,001976416668640013
1340;21,761481077340363;21,763171494009725;00000;LF;1;0,0016904166693620937
1341;21,793227077260212;21,795203493928852;-00001;LF;1;0,001976416668640013
1342;21,82531007717921;21,827000493848573;00001;LF;1;0,0016904166693620937
1343;21,85705607709906;21,8590324937677;-00001;LF;1;0,001976416668640013
1344;21,889140077018055;21,890830493687417;00000;LF;1;0,0016904166693620937
1345;21,920938076937773;21,922628493607135;00000;LF;1;0,0016904166693620937
1346;21,952684076857622;21,954660493526262;-00001;LF;1;0,001976416668640013
1347;21,98476707677662;21,986457493445982;00001;LF;1;0,0016904166693620937
1348;22,01651307669647;22,01848949336511;-00001;LF;1;0,001976416668640013
1349;22,048597076615465;22,050287493284827;00001;LF;1;0,0016904166693620937
1350;22,080343076535314;22,082319493203954;-00001;LF;1;0,001976416668640013
1351;22,112426076454312;22,114116493123674;00001;LF;1;0,0016904166693620937
1352;22,14417207637416;22,1461484930428;-00001;LF;1;0,001976416668640013
1353;22,176256076293157;22,17794649296252;00001;LF;1;0,0016904166693620937
1354;22,208002076213006;22,209978492881646;-00001;LF;1;0,001976416668640013
1355;22,240086076132002;22,241776492801364;00001;LF;1;0,0016904166693620937
1356;22,271831076051853;22,273807492720493;-00001;LF;1;0,001976416668640013
1357;22,30391507597085;22,30560549264021;00001;LF;1;0,0016904166693620937
1358;22,335661075890698;22,337637492559338;-00001;LF;1;0,001976416668640013
1359;22,367745075809694;22,369435492479056;00000;LF;1;0,0016904166693620937
1360;22,399542075729414;22,401232492398776;00001;LF;1;0,0016904166693620937
1361;22,431288075649263;22,433264492317903;-00001;LF;1;0,001976416668640013
1362;22,46337207556826;22,46506249223762;00001;LF;1;0,0016904166693620937
1363;22,495118075488108;22,497094492156748;-00001;LF;1;0,001976416668640013
1364;22,527201075407106;22,52889149207647;00001;LF;1;0,0016904166693620937
1365;22,558947075326955;22,560923491995595;-00001;LF;1;0,001976416668640013
1366;22,59103107524595;22,592721491915313;00001;LF;1;0,0016904166693620937
1367;22,6227770751658;22,62475349183444;-00001;LF;1;0,001976416668640013
1368;22,654861075084796;22,656551491754158;00001;LF;1;0,0016904166693620937
1369;22,686606075004647;22,688582491673287;-00001;LF;1;0,001976416668640013
1370;22,718690074923643;22,720380491593005;00001;LF;1;0,0016904166693620937
1371;22,750436074843492;22,752412491512132;-00001;LF;1;0,001976416668640013
1372;22,782520074762488;22,78421049143185;00000;LF;1;0,0016904166693620937
1373;22,814317074682208;22,81600749135157;00001;LF;1;0,0016904166693620937
1374;22,846063074602057;22,848039491270697;-00001;LF;1;0,001976416668640013
1375;22,878147074521053;22,879837491190415;00001;LF;1;0,0016904166693620937
1376;22,9098930744409;22,91186949110954;-00001;LF;1;0,001976416668640013
1377;22,941977074359897;22,94366749102926;00001;LF;1;0,0016904166693620937
1378;22,97372207427975;22,97569849094839;-00001;LF;1;0,001976416668640013
1379;23,005806074198745;23,007496490868107;00001;LF;1;0,0016904166693620937
1380;23,037552074118594;23,039528490787234;-00001;LF;1;0,001976416668640013
1381;23,06963607403759;23,07132649070695;00001;LF;1;0,0016904166693620937
1382;23,10138107395744;23,10335749062608;-00001;LF;1;0,001976416668640013
1383;23,133465073876437;23,1351554905458;00001;LF;1;0,0016904166693620937
1384;23,165211073796286;23,167187490464926;-00001;LF;1;0,001976416668640013
1385;23,19729507371528;23,198985490384644;00001;LF;1;0,0016904166693620937
1386;23,22904107363513;23,231016490303773;-00001;LF;1;0,001975416668642538
1387;23,26112407355413;23,26281449022349;00001;LF;1;0,0016904166693620937
1388;23,292870073473978;23,294846490142618;-00001;LF;1;0,001976416668640013
1389;23,324954073392973;23,326644490062336;00000;LF;1;0,0016904166693620937
1390;23,35675207331269;23,358442489982053;00000;LF;1;0,0016904166693620937
1391;23,388497073232543;23,390473489901183;-00001;LF;1;0,001976416668640013
1392;23,42058107315154;23,4222714898209;00001;LF;1;0,0016904166693620937
1393;23,452327073071388;23,454303489740028;-00001;LF;1;0,001976416668640013
1394;23,484411072990383;23,486101489659745;00001;LF;1;0,0016904166693620937
1395;23,516156072910235;23,518132489578875;-00001;LF;1;0,001976416668640013
1396;23,54824007282923;23,549930489498593;00000;LF;1;0,0016904166693620937
1397;23,57998607274908;23,58196248941772;-00001;LF;1;0,001976416668640013
1398;23,612070072668075;23,613760489337437;00001;LF;1;0,0016904166693620937
1399;23,643816072587924;23,645792489256564;-00001;LF;1;0,001976416668640013
1400;23,675899072506922;23,677589489176285;00000;LF;1;0,0016904166693620937
1401;23,70764507242677;23,70962148909541;-00001;LF;1;0,001976416668640013
1402;23,739729072345767;23,74141948901513;00000;LF;1;0,0016904166693620937
1403;23,771527072265485;23,773217488934847;00000;LF;1;0,0016904166693620937
1404;23,803272072185337;23,805248488853977;-00001;LF;1;0,001976416668640013
1405;23,835356072104332;23,837046488773694;00001;LF;1;0,0016904166693620937
1406;23,86710207202418;23,86907848869282;-00001;LF;1;0,001976416668640013
1407;23,899186071943177;23,90087648861254;00001;LF;1;0,0016904166693620937
1408;23,930932071863026;23,932908488531666;-00001;LF;1;0,001976416668640013
1409;23,963015071782024;23,964705488451386;00001;LF;1;0,0016904166693620937
1410;23,994761071701873;23,996737488370513;-00001;LF;1;0,001976416668640013
1411;24,02684507162087;24,02853548829023;00000;LF;1;0,0016904166693620937
1412;24,058643071540587;24,06033348820995;00001;LF;1;0,0016904166693620937
1413;24,09038807146044;24,09236448812908;-00001;LF;1;0,001976416668640013
1414;24,122472071379434;24,124162488048796;00001;LF;1;0,0016904166693620937
1415;24,154218071299283;24,156194487967923;-00001;LF;1;0,001976416668640013
1416;24,18630207121828;24,18799248788764;00000;LF;1;0,0016904166693620937
1417;24,218048071138128;24,22002348780677;-00001;LF;1;0,001975416668642538
1418;24,250131071057126;24,251821487726488;00001;LF;1;0,0016904166693620937
1419;24,281877070976975;24,283853487645615;-00001;LF;1;0,001976416668640013
1420;24,31396107089597;24,315651487565333;00000;LF;1;0,0016904166693620937
1421;24,34575907081569;24,34744948748505;00000;LF;1;0,0016904166693620937
1422;24,37750407073554;24,37948048740418;-00001;LF;1;0,001976416668640013
1423;24,409588070654536;24,411278487323898;00000;LF;1;0,0016904166693620937
1424;24,441334070574385;24,443310487243025;-00001;LF;1;0,001976416668640013
1425;24,47341807049338;24,475108487162743;00001;LF;1;0,0016904166693620937
1426;24,505163070413232;24,507139487081872;-00001;LF;1;0,001976416668640013
1427;24,537247070332228;24,53893748700159;00001;LF;1;0,0016904166693620937
1428;24,568993070252077;24,570969486920717;-00001;LF;1;0,001976416668640013
1429;24,601077070171073;24,602767486840435;00001;LF;1;0,0016904166693620937
1430;24,63282307009092;24,63479948675956;-00001;LF;1;0,001976416668640013
1431;24,66490607000992;24,666596486679282;00001;LF;1;0,0016904166693620937
1432;24,69665206992977;24,69862848659841;-00001;LF;1;0,001976416668640013
1433;24,728736069848765;24,730426486518127;00000;LF;1;0,0016904166693620937
1434;24,760482069768614;24,762458486437254;-00001;LF;1;0,001976416668640013
1435;24,792565069687612;24,794255486356974;00001;LF;1;0,0016904166693620937
1436;24,82431106960746;24,8262874862761;-00001;LF;1;0,001976416668640013
1437;24,856395069526457;24,85808548619582;00001;LF;1;0,0016904166693620937
1438;24,888141069446306;24,890117486114946;-00001;LF;1;0,001976416668640013
1439;24,9202250693653;24,921915486034663;00001;LF;1;0,0016904166693620937
1440;24,951970069285153;24,953946485953793;-00001;LF;1;0,001976416668640013
1441;24,98405406920415;24,98574448587351;00001;LF;1;0,0016904166693620937
1442;25,015800069123998;25,017776485792638;-00001;LF;1;0,001976416668640013
1443;25,047884069042993;25,049574485712355;00001;LF;1;0,0016904166693620937
1444;25,079629068962845;25,081605485631485;-00001;LF;1;0,001976416668640013
1445;25,11171306888184;25,113403485551203;00001;LF;1;0,0016904166693620937
1446;25,14345906880169;25,14543548547033;-00001;LF;1;0,001976416668640013
1447;25,175543068720685;25,177233485390047;00001;LF;1;0,0016904166693620937
1448;25,207288068640537;25,209264485309177;-00001;LF;1;0,001976416668640013
1449;25,239372068559533;25,241062485228895;00001;LF;1;0,0016904166693620937
1450;25,27111806847938;25,27309448514802;-00001;LF;1;0,001976416668640013
1451;25,303202068398377;25,30489248506774;00001;LF;1;0,0016904166693620937
1452;25,334948068318226;25,336924484986866;-00001;LF;1;0,001976416668640013
1453;25,367031068237225;25,368721484906587;00001;LF;1;0,0016904166693620937
1454;25,398777068157074;25,400753484825714;-00001;LF;1;0,001976416668640013
1455;25,43086106807607;25,43255148474543;00001;LF;1;0,0016904166693620937
1456;25,46260706799592;25,46458348466456;-00001;LF;1;0,001976416668640013
1457;25,494690067914917;25,49638048458428;00001;LF;1;0,0016904166693620937
1458;25,526436067834766;25,528412484503406;-00001;LF;1;0,001976416668640013
1459;25,55852006775376;25,560210484423123;00001;LF;1;0,0016904166693620937
1460;25,59026606767361;25,59224248434225;-00001;LF;1;0,001976416668640013
1461;25,622350067592606;25,62404048426197;00001;LF;1;0,0016904166693620937
1462;25,654095067512458;25,656071484181098;-00001;LF;1;0,001976416668640013
1463;25,686179067431453;25,687869484100815;00001;LF;1;0,0016904166693620937
1464;25,717925067351302;25,719901484019942;-00001;LF;1;0,001976416668640013
1465;25,750009067270298;25,75169948393966;00001;LF;1;0,0016904166693620937
1466;25,78175406719015;25,78373048385879;-00001;LF;1;0,001976416668640013
1467;25,813838067109145;25,815528483778508;00000;LF;1;0,0016904166693620937
1468;25,845636067028863;25,847326483698225;00000;LF;1;0,0016904166693620937
1469;25,877382066948712;25,879358483617352;-00001;LF;1;0,001976416668640013
1470;25,909466066867708;25,91115648353707;00001;LF;1;0,0016904166693620937
1471;25,94121106678756;25,9431874834562;-00001;LF;1;0,001976416668640013
1472;25,973295066706555;25,974985483375917;00000;LF;1;0,0016904166693620937
1473;26,005041066626404;26,007017483295044;-00001;LF;1;0,001976416668640013
1474;26,0371250665454;26,038815483214762;00001;LF;1;0,0016904166693620937
1475;26,06887006646525;26,07084648313389;-00001;LF;1;0,001976416668640013
1476;26,100954066384247;26,10264448305361;00001;LF;1;0,0016904166693620937
1477;26,132700066304096;26,134676482972736;-00001;LF;1;0,001976416668640013
1478;26,164784066223092;26,166474482892454;00001;LF;1;0,0016904166693620937
1479;26,196529066142944;26,198505482811584;-00001;LF;1;0,001976416668640013
1480;26,22861306606194;26,2303034827313;00001;LF;1;0,0016904166693620937
1481;26,26035906598179;26,26233548265043;-00001;LF;1;0,001976416668640013
1482;26,292443065900784;26,294133482570146;00001;LF;1;0,0016904166693620937
1483;26,324189065820633;26,326165482489273;-00001;LF;1;0,001976416668640013
1484;26,35627206573963;26,357962482408993;00001;LF;1;0,0016904166693620937
1485;26,38801806565948;26,38999448232812;-00001;LF;1;0,001976416668640013
1486;26,420102065578476;26,421792482247838;00001;LF;1;0,0016904166693620937
1487;26,451848065498325;26,453824482166965;-00001;LF;1;0,001976416668640013
1488;26,483931065417323;26,485621482086685;00001;LF;1;0,0016904166693620937
1489;26,515677065337172;26,517653482005812;-00001;LF;1;0,001976416668640013
1490;26,547761065256168;26,54945148192553;00000;LF;1;0,0016904166693620937
1491;26,579507065176017;26,581483481844657;-00001;LF;1;0,001976416668640013
1492;26,611591065095013;26,613281481764375;00001;LF;1;0,0016904166693620937
1493;26,643336065014864;26,645312481683504;-00001;LF;1;0,001976416668640013
1494;26,67542006493386;26,677110481603222;00000;LF;1;0,0016904166693620937
1495;26,707218064853578;26,70890848152294;00000;LF;1;0,0016904166693620937
1496;26,738964064773427;26,740940481442067;-00001;LF;1;0,001976416668640013
1497;26,771047064692425;26,772737481361787;00001;LF;1;0,0016904166693620937
1498;26,802793064612274;26,804769481280914;-00001;LF;1;0,001976416668640013
1499;26,83487706453127;26,836567481200632;00001;LF;1;0,0016904166693620937
1500;26,86662306445112;26,86859948111976;-00001;LF;1;0,001976416668640013
1501;26,898707064370114;26,90039648103948;00001;LF;1;0,0016894166693646184
1502;26,930452064289966;26,932428480958606;-00001;LF;1;0,001976416668640013
1503;26,96253606420896;26,964226480878324;00001;LF;1;0,0016904166693620937
1504;26,99428206412881;26,99625848079745;-00001;LF;1;0,001976416668640013
1505;27,026366064047807;27,02805648071717;00000;LF;1;0,0016904166693620937
1506;27,058111063967658;27,060087480636298;-00001;LF;1;0,001976416668640013
1507;27,090195063886654;27,091885480556016;00001;LF;1;0,0016904166693620937
1508;27,121941063806503;27,123917480475143;-00001;LF;1;0,001976416668640013
1509;27,1540250637255;27,15571548039486;00001;LF;1;0,0016904166693620937
1510;27,18577006364535;27,18774648031399;-00001;LF;1;0,001976416668640013
1511;27,217854063564346;27,219544480233708;00001;LF;1;0,0016904166693620937
1512;27,249600063484195;27,251576480152835;-00001;LF;1;0,001976416668640013
1513;27,28168406340319;27,283374480072553;00001;LF;1;0,0016904166693620937
1514;27,31343006332304;27,31540647999168;-00001;LF;1;0,001976416668640013
1515;27,345513063242038;27,3472034799114;00001;LF;1;0,0016904166693620937
1516;27,377259063161887;27,379235479830527;-00001;LF;1;0,001976416668640013
1517;27,409343063080883;27,411033479750245;00001;LF;1;0,0016904166693620937
1518;27,44108906300073;27,44306547966937;-00001;LF;1;0,001976416668640013
1519;27,47317206291973;27,474862479589092;00001;LF;1;0,0016904166693620937
1520;27,50491806283958;27,50689447950822;-00001;LF;1;0,001976416668640013
1521;27,537002062758575;27,538692479427937;00001;LF;1;0,0016904166693620937
1522;27,568748062678424;27,570724479347064;-00001;LF;1;0,001976416668640013
1523;27,60083206259742;27,60252247926678;00001;LF;1;0,0016904166693620937
1524;27,63257706251727;27,63455347918591;-00001;LF;1;0,001976416668640013
1525;27,664661062436267;27,66635147910563;00001;LF;1;0,0016904166693620937
1526;27,696407062356116;27,698383479024756;-00001;LF;1;0,001976416668640013
1527;27,72849106227511;27,730181478944473;00001;LF;1;0,0016904166693620937
1528;27,760236062194963;27,762212478863603;-00001;LF;1;0,001976416668640013
1529;27,79232006211396;27,79401047878332;00000;LF;1;0,0016904166693620937
1530;27,824066062033808;27,826042478702448;-00001;LF;1;0,001976416668640013
1531;27,856150061952803;27,857840478622165;00001;LF;1;0,0016904166693620937
1532;27,887895061872655;27,889871478541295;-00001;LF;1;0,001976416668640013
1533;27,91997906179165;27,921669478461013;00001;LF;1;0,0016904166693620937
1534;27,9517250617115;27,95370147838014;-00001;LF;1;0,001976416668640013
1535;27,983809061630495;27,985499478299857;00001;LF;1;0,0016904166693620937
1536;28,015555061550344;28,017531478218984;-00001;LF;1;0,001976416668640013
1537;28,047638061469343;28,049328478138705;00000;LF;1;0,0016904166693620937
1538;28,07943606138906;28,081126478058422;00000;LF;1;0,0016904166693620937
1539;28,11118206130891;28,11315847797755;-00001;LF;1;0,001976416668640013
1540;28,143266061227905;28,144956477897267;00001;LF;1;0,0016904166693620937
1541;28,175011061147757;28,176987477816397;-00001;LF;1;0,001976416668640013
1542;28,207095061066752;28,208785477736114;00001;LF;1;0,0016904166693620937
1543;28,2388410609866;28,24081747765524;-00001;LF;1;0,001976416668640013
1544;28,270925060905597;28,27261547757496;00001;LF;1;0,0016904166693620937
1545;28,302671060825446;28,304647477494086;-00001;LF;1;0,001976416668640013
1546;28,334754060744444;28,336444477413806;00001;LF;1;0,0016904166693620937
1547;28,366500060664293;28,368476477332933;-00001;LF;1;0,001976416668640013
1548;28,39858406058329;28,40027447725265;00001;LF;1;0,0016904166693620937
1549;28,430330060503138;28,432306477171778;-00001;LF;1;0,001976416668640013
1550;28,462413060422136;28,4641034770915;00001;LF;1;0,0016904166693620937
1551;28,494159060341985;28,496135477010625;-00001;LF;1;0,001976416668640013
1552;28,52624306026098;28,527933476930343;00001;LF;1;0,0016904166693620937
1553;28,55798906018083;28,55996547684947;-00001;LF;1;0,001976416668640013
1554;28,590073060099826;28,59176247676919;00001;LF;1;0,0016894166693646184
1555;28,621818060019677;28,623794476688317;-00001;LF;1;0,001976416668640013
1556;28,653902059938673;28,655592476608035;00001;LF;1;0,0016904166693620937
1557;28,685648059858522;28,687624476527162;-00001;LF;1;0,001976416668640013
1558;28,717732059777518;28,71942247644688;00001;LF;1;0,0016904166693620937
1559;28,74947705969737;28,75145347636601;-00001;LF;1;0,001976416668640013
1560;28,781561059616365;28,783251476285727;00001;LF;1;0,0016904166693620937
1561;28,813307059536214;28,815283476204854;-00001;LF;1;0,001976416668640013
1562;28,84539105945521;28,847081476124572;00001;LF;1;0,0016904166693620937
1563;28,87713605937506;28,8791124760437;-00001;LF;1;0,001976416668640013
1564;28,909220059294057;28,91091047596342;00001;LF;1;0,0016904166693620937
1565;28,940966059213906;28,942942475882546;-00001;LF;1;0,001976416668640013
1566;28,973050059132902;28,974740475802264;00001;LF;1;0,0016904166693620937