Packet;Start Time;End Time;Data;End Delimiter;Valid;Packet Time
1;-20,97652681475654;-20,974836398087177;00000;LF;1;0,0016904166693620937
2;-20,94478081483669;-20,94280439816805;-00001;LF;1;0,001976416668640013
3;-20,912696814917695;-20,911006398248333;00001;LF;1;0,0016904166693620937
4;-20,880950814997846;-20,878974398329206;-00001;LF;1;0,001976416668640013
5;-20,848867815078847;-20,847177398409485;00001;LF;1;0,0016904166693620937
6;-20,817121815159;-20,81514539849036;-00001;LF;1;0,001976416668640013
7;-20,785037815240003;-20,78334739857064;00001;LF;1;0,0016904166693620937
8;-20,753291815320154;-20,751315398651514;-00001;LF;1;0,001976416668640013
9;-20,721207815401158;-20,719517398731796;00001;LF;1;0,0016904166693620937
10;-20,689462815481306;-20,687486398812666;-00001;LF;1;0,001976416668640013
11;-20,65737881556231;-20,65568839889295;00001;LF;1;0,0016904166693620937
12;-20,62563281564246;-20,62365639897382;-00001;LF;1;0,001976416668640013
13;-20,593548815723466;-20,591858399054104;00000;LF;1;0,0016904166693620937
14;-20,561751815803746;-20,560061399134383;00000;LF;1;0,0016904166693620937
15;-20,530005815883897;-20,528029399215256;-00001;LF;1;0,001976416668640013
16;-20,4979218159649;-20,49623139929554;00001;LF;1;0,0016904166693620937
17;-20,46617581604505;-20,46419939937641;-00001;LF;1;0,001976416668640013
18;-20,434091816126056;-20,432401399456694;00001;LF;1;0,0016904166693620937
19;-20,402346816206204;-20,400370399537564;-00001;LF;1;0,001976416668640013
20;-20,37026281628721;-20,368572399617847;00001;LF;1;0,0016904166693620937
21;-20,33851681636736;-20,33654039969872;-00001;LF;1;0,001976416668640013
22;-20,306432816448364;-20,304742399779002;00001;LF;1;0,0016904166693620937
23;-20,274687816528512;-20,272711399859872;-00001;LF;1;0,001976416668640013
24;-20,242603816609517;-20,240913399940155;00000;LF;1;0,0016904166693620937
25;-20,210857816689668;-20,208881400021028;-00001;LF;1;0,001976416668640013
26;-20,178773816770672;-20,17708340010131;00001;LF;1;0,0016904166693620937
27;-20,147027816850823;-20,145051400182183;-00001;LF;1;0,001976416668640013
28;-20,114944816931825;-20,113254400262463;00001;LF;1;0,0016904166693620937
29;-20,083198817011976;-20,081222400343336;-00001;LF;1;0,001976416668640013
30;-20,05111481709298;-20,049424400423618;00001;LF;1;0,0016904166693620937
31;-20,01936881717313;-20,01739240050449;-00001;LF;1;0,001976416668640013
32;-19,987285817254133;-19,98559540058477;00001;LF;1;0,0016904166693620937
33;-19,955539817334284;-19,953563400665644;-00001;LF;1;0,001976416668640013
34;-19,923455817415288;-19,921765400745926;00000;LF;1;0,0016904166693620937
35;-19,89170981749544;-19,8897334008268;-00001;LF;1;0,001976416668640013
36;-19,859625817576443;-19,85793540090708;00001;LF;1;0,0016904166693620937
37;-19,82788081765659;-19,82590440098795;-00001;LF;1;0,001976416668640013
38;-19,795796817737596;-19,794106401068234;00001;LF;1;0,0016904166693620937
39;-19,764050817817747;-19,762074401149107;-00001;LF;1;0,001976416668640013
40;-19,73196681789875;-19,73027640122939;00001;LF;1;0,0016904166693620937
41;-19,700220817978902;-19,698244401310262;-00001;LF;1;0,001976416668640013
42;-19,668137818059904;-19,666447401390542;00001;LF;1;0,0016904166693620937
43;-19,636391818140055;-19,634415401471415;-00001;LF;1;0,001976416668640013
44;-19,60430781822106;-19,602617401551697;00000;LF;1;0,0016904166693620937
45;-19,57250981830134;-19,57081940163198;00000;LF;1;0,0016904166693620937
46;-19,54076481838149;-19,53878840171285;-00001;LF;1;0,001976416668640013
47;-19,508680818462494;-19,506990401793132;00001;LF;1;0,0016904166693620937
48;-19,476934818542645;-19,474958401874005;-00001;LF;1;0,001976416668640013
49;-19,44485081862365;-19,443160401954287;00000;LF;1;0,0016904166693620937
50;-19,4131048187038;-19,41112840203516;-00001;LF;1;0,001976416668640013
51;-19,381021818784802;-19,37933140211544;00000;LF;1;0,0016904166693620937
52;-19,349275818864953;-19,347299402196313;-00001;LF;1;0,001976416668640013
53;-19,317191818945957;-19,315501402276595;00001;LF;1;0,0016904166693620937
54;-19,28544581902611;-19,28346940235747;-00001;LF;1;0,001976416668640013
55;-19,25336281910711;-19,251672402437748;00000;LF;1;0,0016904166693620937
56;-19,221564819187392;-19,21987440251803;00000;LF;1;0,0016904166693620937
57;-19,189818819267543;-19,187842402598903;-00001;LF;1;0,001976416668640013
58;-19,157734819348548;-19,156044402679186;00000;LF;1;0,0016904166693620937
59;-19,1259888194287;-19,12401240276006;-00001;LF;1;0,001976416668640013
60;-19,0939058195097;-19,09221540284034;00000;LF;1;0,0016904166693620937
61;-19,06215981958985;-19,06018340292121;-00001;LF;1;0,001976416668640013
62;-19,030075819670856;-19,028385403001494;00001;LF;1;0,0016904166693620937
63;-18,998329819751007;-18,996353403082367;-00001;LF;1;0,001976416668640013
64;-18,96624681983201;-18,964556403162646;00001;LF;1;0,0016904166693620937
65;-18,93450081991216;-18,93252440324352;-00001;LF;1;0,001976416668640013
66;-18,902416819993164;-18,9007264033238;00001;LF;1;0,0016904166693620937
67;-18,870670820073315;-18,868694403404675;-00001;LF;1;0,001976416668640013
68;-18,83858682015432;-18,836896403484957;00001;LF;1;0,0016904166693620937
69;-18,806841820234467;-18,804865403565827;-00001;LF;1;0,001976416668640013
70;-18,77475782031547;-18,77306740364611;00000;LF;1;0,0016904166693620937
71;-18,742959820395754;-18,741269403726392;00000;LF;1;0,0016904166693620937
72;-18,711213820475905;-18,709237403807265;-00001;LF;1;0,001976416668640013
73;-18,679130820556907;-18,677440403887545;00001;LF;1;0,0016904166693620937
74;-18,647384820637058;-18,645408403968418;-00001;LF;1;0,001976416668640013
75;-18,615300820718062;-18,6136104040487;00000;LF;1;0,0016904166693620937
76;-18,583554820798213;-18,581578404129573;-00001;LF;1;0,001976416668640013
77;-18,551470820879217;-18,549780404209855;00001;LF;1;0,0016904166693620937
78;-18,519725820959366;-18,517749404290726;-00001;LF;1;0,001976416668640013
79;-18,48764182104037;-18,485951404371008;00001;LF;1;0,0016904166693620937
80;-18,45589582112052;-18,45391940445188;-00001;LF;1;0,001976416668640013
81;-18,423811821201525;-18,422121404532163;00000;LF;1;0,0016904166693620937
82;-18,392065821281676;-18,390090404613034;-00001;LF;1;0,001975416668642538
83;-18,359982821362678;-18,358292404693316;00001;LF;1;0,0016904166693620937
84;-18,32823682144283;-18,32626040477419;-00001;LF;1;0,001976416668640013
85;-18,296152821523833;-18,29446240485447;00000;LF;1;0,0016904166693620937
86;-18,264354821604115;-18,262664404934753;00000;LF;1;0,0016904166693620937
87;-18,232609821684264;-18,230633405015624;-00001;LF;1;0,001976416668640013
88;-18,200525821765268;-18,198835405095906;00001;LF;1;0,0016904166693620937
89;-18,16877982184542;-18,16680340517678;-00001;LF;1;0,001976416668640013
90;-18,136695821926423;-18,13500540525706;00001;LF;1;0,0016904166693620937
91;-18,104949822006574;-18,102973405337934;-00001;LF;1;0,001976416668640013
92;-18,072866822087576;-18,071176405418214;00001;LF;1;0,0016904166693620937
93;-18,041120822167727;-18,039144405499087;-00001;LF;1;0,001976416668640013
94;-18,00903682224873;-18,00734640557937;00001;LF;1;0,0016904166693620937
95;-17,977290822328882;-17,975314405660242;-00001;LF;1;0,001976416668640013
96;-17,945207822409884;-17,943517405740522;00001;LF;1;0,0016904166693620937
97;-17,913461822490035;-17,911485405821395;-00001;LF;1;0,001976416668640013
98;-17,88137782257104;-17,879687405901677;00001;LF;1;0,0016904166693620937
99;-17,84963182265119;-17,84765540598255;-00001;LF;1;0,001976416668640013
100;-17,817547822732195;-17,815857406062833;00001;LF;1;0,0016904166693620937
101;-17,785802822812343;-17,783826406143703;-00001;LF;1;0,001976416668640013
102;-17,753718822893347;-17,752028406223985;00001;LF;1;0,0016904166693620937
103;-17,7219728229735;-17,71999640630486;-00001;LF;1;0,001976416668640013
104;-17,689888823054503;-17,68819840638514;00001;LF;1;0,0016904166693620937
105;-17,65814382313465;-17,65616740646601;-00001;LF;1;0,001976416668640013
106;-17,626059823215655;-17,624369406546293;00001;LF;1;0,0016904166693620937
107;-17,594313823295806;-17,592337406627166;-00001;LF;1;0,001976416668640013
108;-17,56222982337681;-17,56053940670745;00001;LF;1;0,0016904166693620937
109;-17,53048382345696;-17,52850740678832;-00001;LF;1;0,001976416668640013
110;-17,498400823537963;-17,4967104068686;00001;LF;1;0,0016904166693620937
111;-17,466654823618114;-17,464678406949474;-00001;LF;1;0,001976416668640013
112;-17,43457082369912;-17,432880407029756;00001;LF;1;0,0016904166693620937
113;-17,40282482377927;-17,40084840711063;-00001;LF;1;0,001976416668640013
114;-17,37074182386027;-17,36905140719091;00001;LF;1;0,0016904166693620937
115;-17,338995823940422;-17,337019407271782;-00001;LF;1;0,001976416668640013
116;-17,306911824021427;-17,305221407352064;00001;LF;1;0,0016904166693620937
117;-17,275165824101578;-17,273189407432938;-00001;LF;1;0,001976416668640013
118;-17,243081824182582;-17,24139140751322;00001;LF;1;0,0016904166693620937
119;-17,21133682426273;-17,20936040759409;-00001;LF;1;0,001976416668640013
120;-17,179252824343735;-17,177562407674372;00001;LF;1;0,0016904166693620937
121;-17,147506824423886;-17,145530407755246;-00001;LF;1;0,001976416668640013
122;-17,11542282450489;-17,113732407835528;00001;LF;1;0,0016904166693620937
123;-17,08367782458504;-17,0817014079164;-00001;LF;1;0,001976416668640013
124;-17,051593824666043;-17,04990340799668;00001;LF;1;0,0016904166693620937
125;-17,019847824746194;-17,017871408077553;-00001;LF;1;0,001976416668640013
126;-16,987763824827198;-16,986073408157836;00001;LF;1;0,0016904166693620937
127;-16,95601782490735;-16,95404140823871;-00001;LF;1;0,001976416668640013
128;-16,92393482498835;-16,92224440831899;00001;LF;1;0,0016904166693620937
129;-16,8921888250685;-16,89021240839986;-00001;LF;1;0,001976416668640013
130;-16,860104825149506;-16,858414408480144;00001;LF;1;0,0016904166693620937
131;-16,828358825229657;-16,826382408561017;-00001;LF;1;0,001976416668640013
132;-16,79627482531066;-16,794585408641296;00001;LF;1;0,0016894166693646184
133;-16,76452982539081;-16,76255340872217;-00001;LF;1;0,001976416668640013
134;-16,732445825471814;-16,73075540880245;00001;LF;1;0,0016904166693620937
135;-16,700699825551965;-16,698723408883325;-00001;LF;1;0,001976416668640013
136;-16,66861582563297;-16,666925408963607;00001;LF;1;0,0016904166693620937
137;-16,636870825713117;-16,634894409044477;-00001;LF;1;0,001976416668640013
138;-16,604786825794122;-16,60309640912476;00001;LF;1;0,0016904166693620937
139;-16,573040825874273;-16,571064409205633;-00001;LF;1;0,001976416668640013
140;-16,540956825955277;-16,539266409285915;00001;LF;1;0,0016904166693620937
141;-16,509210826035428;-16,507234409366788;-00001;LF;1;0,001976416668640013
142;-16,47712782611643;-16,475437409447068;00001;LF;1;0,0016904166693620937
143;-16,44538182619658;-16,44340540952794;-00001;LF;1;0,001976416668640013
144;-16,413297826277585;-16,411607409608223;00001;LF;1;0,0016904166693620937
145;-16,381551826357736;-16,379575409689096;-00001;LF;1;0,001976416668640013
146;-16,349468826438738;-16,347778409769376;00001;LF;1;0,0016904166693620937
147;-16,31772282651889;-16,31574640985025;-00001;LF;1;0,001976416668640013
148;-16,285638826599893;-16,28394840993053;00001;LF;1;0,0016904166693620937
149;-16,253892826680044;-16,251916410011404;-00001;LF;1;0,001976416668640013
150;-16,22180882676105;-16,220118410091686;00001;LF;1;0,0016904166693620937
151;-16,190063826841197;-16,188087410172557;-00001;LF;1;0,001976416668640013
152;-16,1579798269222;-16,15628941025284;00001;LF;1;0,0016904166693620937
153;-16,126233827002352;-16,124257410333712;-00001;LF;1;0,001976416668640013
154;-16,094149827083356;-16,092459410413994;00001;LF;1;0,0016904166693620937
155;-16,062404827163505;-16,060428410494865;-00001;LF;1;0,001976416668640013
156;-16,03032082724451;-16,028630410575147;00000;LF;1;0,0016904166693620937
157;-15,99857482732466;-15,99659841065602;-00001;LF;1;0,001976416668640013
158;-15,966490827405664;-15,964800410736302;00001;LF;1;0,0016904166693620937
159;-15,934744827485815;-15,932768410817175;-00001;LF;1;0,001976416668640013
160;-15,902661827566817;-15,900971410897455;00001;LF;1;0,0016904166693620937
161;-15,870915827646968;-15,868939410978328;-00001;LF;1;0,001976416668640013
162;-15,838831827727972;-15,83714141105861;00001;LF;1;0,0016904166693620937
163;-15,807085827808123;-15,805109411139483;-00001;LF;1;0,001976416668640013
164;-15,775002827889125;-15,773312411219763;00001;LF;1;0,0016904166693620937
165;-15,743256827969276;-15,741280411300636;-00001;LF;1;0,001976416668640013
166;-15,71117282805028;-15,709482411380918;00000;LF;1;0,0016904166693620937
167;-15,679426828130431;-15,677450411461791;-00001;LF;1;0,001976416668640013
168;-15,647342828211436;-15,645652411542073;00000;LF;1;0,0016904166693620937
169;-15,615545828291715;-15,613855411622353;00000;LF;1;0,0016904166693620937
170;-15,583799828371866;-15,581823411703226;-00001;LF;1;0,001976416668640013
171;-15,55171582845287;-15,550025411783508;00000;LF;1;0,0016904166693620937
172;-15,519969828533021;-15,517993411864381;-00001;LF;1;0,001976416668640013
173;-15,487886828614023;-15,486196411944661;00001;LF;1;0,0016904166693620937
174;-15,456140828694174;-15,454164412025534;-00001;LF;1;0,001976416668640013
175;-15,424056828775178;-15,422366412105816;00001;LF;1;0,0016904166693620937
176;-15,39231082885533;-15,39033441218669;-00001;LF;1;0,001976416668640013
177;-15,360226828936334;-15,358536412266972;00001;LF;1;0,0016904166693620937
178;-15,328481829016482;-15,326505412347842;-00001;LF;1;0,001976416668640013
179;-15,296397829097486;-15,294707412428124;00001;LF;1;0,0016904166693620937
180;-15,264651829177637;-15,262675412508997;-00001;LF;1;0,001976416668640013
181;-15,232567829258642;-15,23087741258928;00000;LF;1;0,0016904166693620937
182;-15,20082282933879;-15,19884641267015;-00001;LF;1;0,001976416668640013
183;-15,168738829419794;-15,167048412750432;00000;LF;1;0,0016904166693620937
184;-15,136940829500077;-15,135250412830715;00000;LF;1;0,0016904166693620937
185;-15,105194829580228;-15,103218412911588;-00001;LF;1;0,001976416668640013
186;-15,073110829661232;-15,07142041299187;00000;LF;1;0,0016904166693620937
187;-15,04136582974138;-15,03938941307274;-00001;LF;1;0,001976416668640013
188;-15,009281829822385;-15,007591413153023;00001;LF;1;0,0016904166693620937
189;-14,977535829902536;-14,975559413233896;-00001;LF;1;0,001976416668640013
190;-14,94545182998354;-14,943761413314178;00001;LF;1;0,0016904166693620937
191;-14,91370583006369;-14,91172941339505;-00001;LF;1;0,001976416668640013
192;-14,881622830144693;-14,87993241347533;00001;LF;1;0,0016904166693620937
193;-14,849876830224844;-14,847900413556204;-00001;LF;1;0,001976416668640013
194;-14,817792830305848;-14,816102413636486;00001;LF;1;0,0016904166693620937
195;-14,786046830385999;-14,784070413717359;-00001;LF;1;0,001976416668640013
196;-14,753963830467;-14,752273413797639;00001;LF;1;0,0016904166693620937
197;-14,722217830547152;-14,720241413878512;-00001;LF;1;0,001976416668640013
198;-14,690133830628156;-14,688443413958794;00001;LF;1;0,0016904166693620937
199;-14,658387830708307;-14,656411414039667;-00001;LF;1;0,001976416668640013
200;-14,626303830789311;-14,624613414119949;00001;LF;1;0,0016904166693620937
201;-14,59455883086946;-14,59258241420082;-00001;LF;1;0,001976416668640013
202;-14,562474830950464;-14,560784414281102;00001;LF;1;0,0016904166693620937
203;-14,530728831030615;-14,528752414361975;-00001;LF;1;0,001976416668640013
204;-14,49864483111162;-14,496954414442257;00001;LF;1;0,0016904166693620937
205;-14,466899831191768;-14,464923414523128;-00001;LF;1;0,001976416668640013
206;-14,434815831272772;-14,43312541460341;00001;LF;1;0,0016904166693620937
207;-14,403069831352923;-14,401093414684283;-00001;LF;1;0,001976416668640013
208;-14,370985831433927;-14,369295414764565;00001;LF;1;0,0016904166693620937
209;-14,339239831514078;-14,337263414845438;-00001;LF;1;0,001976416668640013
210;-14,30715683159508;-14,305466414925718;00001;LF;1;0,0016904166693620937
211;-14,27541083167523;-14,27343441500659;-00001;LF;1;0,001976416668640013
212;-14,243326831756235;-14,241636415086873;00000;LF;1;0,0016904166693620937
213;-14,211580831836386;-14,209604415167746;-00001;LF;1;0,001976416668640013
214;-14,179497831917388;-14,177807415248026;00001;LF;1;0,0016904166693620937
215;-14,147751831997539;-14,145775415328899;-00001;LF;1;0,001976416668640013
216;-14,115667832078543;-14,113977415409181;00001;LF;1;0,0016904166693620937
217;-14,083921832158694;-14,081945415490054;-00001;LF;1;0,001976416668640013
218;-14,051837832239698;-14,050147415570336;00000;LF;1;0,0016904166693620937
219;-14,020040832319978;-14,018350415650616;00000;LF;1;0,0016904166693620937
220;-13,988294832400129;-13,986318415731489;-00001;LF;1;0,001976416668640013
221;-13,956210832481133;-13,954520415811771;00001;LF;1;0,0016904166693620937
222;-13,924464832561284;-13,922488415892644;-00001;LF;1;0,001976416668640013
223;-13,892381832642286;-13,890691415972924;00001;LF;1;0,0016904166693620937
224;-13,860635832722437;-13,858659416053797;-00001;LF;1;0,001976416668640013
225;-13,828551832803441;-13,82686141613408;00001;LF;1;0,0016904166693620937
226;-13,796805832883592;-13,794829416214952;-00001;LF;1;0,001976416668640013
227;-13,764721832964597;-13,763031416295235;00001;LF;1;0,0016904166693620937
228;-13,732976833044745;-13,731000416376105;-00001;LF;1;0,001976416668640013
229;-13,70089283312575;-13,699202416456387;00001;LF;1;0,0016904166693620937
230;-13,6691468332059;-13,66717041653726;-00001;LF;1;0,001976416668640013
231;-13,637062833286905;-13,635372416617543;00000;LF;1;0,0016904166693620937
232;-13,605317833367053;-13,603341416698413;-00001;LF;1;0,001976416668640013
233;-13,573233833448057;-13,571543416778695;00001;LF;1;0,0016904166693620937
234;-13,541487833528208;-13,539511416859568;-00001;LF;1;0,001976416668640013
235;-13,509403833609213;-13,50771341693985;00001;LF;1;0,0016904166693620937
236;-13,477657833689364;-13,475681417020724;-00001;LF;1;0,001976416668640013
237;-13,445574833770365;-13,443884417101003;00001;LF;1;0,0016904166693620937
238;-13,413828833850516;-13,411852417181876;-00001;LF;1;0,001976416668640013
239;-13,38174483393152;-13,380054417262158;00000;LF;1;0,0016904166693620937
240;-13,349998834011672;-13,348022417343032;-00001;LF;1;0,001976416668640013
241;-13,317914834092676;-13,316225417423311;00001;LF;1;0,0016894166693646184
242;-13,286169834172824;-13,284193417504184;-00001;LF;1;0,001976416668640013
243;-13,254085834253829;-13,252395417584466;00001;LF;1;0,0016904166693620937
244;-13,22233983433398;-13,22036341766534;-00001;LF;1;0,001976416668640013
245;-13,190255834414984;-13,188565417745622;00001;LF;1;0,0016904166693620937
246;-13,158510834495132;-13,156534417826492;-00001;LF;1;0,001976416668640013
247;-13,126426834576137;-13,124736417906774;00001;LF;1;0,0016904166693620937
248;-13,094680834656288;-13,092704417987648;-00001;LF;1;0,001976416668640013
249;-13,062596834737292;-13,06090641806793;00001;LF;1;0,0016904166693620937
250;-13,030850834817443;-13,028874418148803;-00001;LF;1;0,001976416668640013
251;-12,998767834898445;-12,997077418229082;00001;LF;1;0,0016904166693620937
252;-12,967021834978596;-12,965045418309955;-00001;LF;1;0,001976416668640013
253;-12,9349378350596;-12,933247418390238;00001;LF;1;0,0016904166693620937
254;-12,90319183513975;-12,90121541847111;-00001;LF;1;0,001976416668640013
255;-12,871108835220753;-12,86941841855139;00001;LF;1;0,0016904166693620937
256;-12,839362835300903;-12,837386418632263;-00001;LF;1;0,001976416668640013
257;-12,807278835381908;-12,805588418712546;00001;LF;1;0,0016904166693620937
258;-12,775532835462059;-12,773556418793419;-00001;LF;1;0,001976416668640013
259;-12,743448835543063;-12,741758418873701;00000;LF;1;0,0016904166693620937
260;-12,711651835623343;-12,70996141895398;00000;LF;1;0,0016904166693620937
261;-12,679905835703494;-12,677929419034854;-00001;LF;1;0,001976416668640013
262;-12,647821835784498;-12,646131419115136;00000;LF;1;0,0016904166693620937
263;-12,616075835864649;-12,614099419196009;-00001;LF;1;0,001976416668640013
264;-12,58399283594565;-12,582302419276289;00000;LF;1;0,0016904166693620937
265;-12,552246836025802;-12,550270419357162;-00001;LF;1;0,001976416668640013
266;-12,520162836106806;-12,518472419437444;00001;LF;1;0,0016904166693620937
267;-12,488416836186957;-12,486440419518317;-00001;LF;1;0,001976416668640013
268;-12,456332836267961;-12,4546424195986;00001;LF;1;0,0016904166693620937
269;-12,42458783634811;-12,42261141967947;-00001;LF;1;0,001976416668640013
270;-12,392503836429114;-12,390813419759752;00001;LF;1;0,0016904166693620937
271;-12,360757836509265;-12,358781419840625;-00001;LF;1;0,001976416668640013
272;-12,32867383659027;-12,326983419920907;00000;LF;1;0,0016904166693620937
273;-12,296876836670549;-12,295186420001187;00000;LF;1;0,0016904166693620937
274;-12,2651308367507;-12,26315442008206;-00001;LF;1;0,001976416668640013
275;-12,233046836831704;-12,231356420162342;00001;LF;1;0,0016904166693620937
276;-12,201300836911855;-12,199324420243215;-00001;LF;1;0,001976416668640013
277;-12,16921683699286;-12,167526420323497;00001;LF;1;0,0016904166693620937
278;-12,137471837073008;-12,135495420404368;-00001;LF;1;0,001976416668640013
279;-12,105387837154012;-12,10369742048465;00001;LF;1;0,0016904166693620937
280;-12,073641837234163;-12,071665420565523;-00001;LF;1;0,001976416668640013
281;-12,041557837315167;-12,039867420645805;00001;LF;1;0,0016904166693620937
282;-12,009812837395316;-12,007836420726676;-00001;LF;1;0,001976416668640013
283;-11,97772883747632;-11,976038420806958;00001;LF;1;0,0016904166693620937
284;-11,945982837556471;-11,944006420887831;-00001;LF;1;0,001976416668640013
285;-11,913898837637475;-11,912208420968113;00001;LF;1;0,0016904166693620937
286;-11,882152837717626;-11,880176421048986;-00001;LF;1;0,001976416668640013
287;-11,850069837798628;-11,848379421129266;00001;LF;1;0,0016904166693620937
288;-11,81832383787878;-11,81634742121014;-00001;LF;1;0,001976416668640013
289;-11,786239837959783;-11,784549421290421;00001;LF;1;0,0016904166693620937
290;-11,754493838039934;-11,752517421371294;-00001;LF;1;0,001976416668640013
291;-11,722410838120936;-11,720720421451574;00001;LF;1;0,0016904166693620937
292;-11,690664838201087;-11,688688421532447;-00001;LF;1;0,001976416668640013
293;-11,658580838282091;-11,65689042161273;00001;LF;1;0,0016904166693620937
294;-11,626834838362242;-11,624858421693602;-00001;LF;1;0,001976416668640013
295;-11,594750838443247;-11,593060421773885;00001;LF;1;0,0016904166693620937
296;-11,563005838523395;-11,561029421854755;-00001;LF;1;0,001976416668640013
297;-11,5309218386044;-11,529231421935037;00001;LF;1;0,0016904166693620937
298;-11,49917583868455;-11,49719942201591;-00001;LF;1;0,001976416668640013
299;-11,467091838765555;-11,465401422096193;00001;LF;1;0,0016904166693620937
300;-11,435345838845706;-11,433370422177063;-00001;LF;1;0,001975416668642538
301;-11,403262838926707;-11,401572422257345;00000;LF;1;0,0016904166693620937
302;-11,371516839006858;-11,369540422338218;-00001;LF;1;0,001976416668640013
303;-11,339432839087863;-11,3377424224185;00001;LF;1;0,0016904166693620937
304;-11,307686839168014;-11,305710422499374;-00001;LF;1;0,001976416668640013
305;-11,275603839249015;-11,273913422579653;00001;LF;1;0,0016904166693620937
306;-11,243857839329166;-11,241881422660526;-00001;LF;1;0,001976416668640013
307;-11,21177383941017;-11,210083422740809;00000;LF;1;0,0016904166693620937
308;-11,180027839490322;-11,178051422821682;-00001;LF;1;0,001976416668640013
309;-11,147943839571326;-11,146253422901964;00000;LF;1;0,0016904166693620937
310;-11,116146839651606;-11,114456422982244;00001;LF;1;0,0016904166693620937
311;-11,084400839731757;-11,082424423063117;-00001;LF;1;0,001976416668640013
312;-11,052316839812761;-11,050626423143399;00000;LF;1;0,0016904166693620937
313;-11,020570839892912;-11,018594423224272;-00001;LF;1;0,001976416668640013
314;-10,988487839973914;-10,986797423304552;00001;LF;1;0,0016904166693620937
315;-10,956741840054065;-10,954765423385425;-00001;LF;1;0,001976416668640013
316;-10,924657840135069;-10,922967423465707;00001;LF;1;0,0016904166693620937
317;-10,89291184021522;-10,89093542354658;-00001;LF;1;0,001976416668640013
318;-10,860827840296224;-10,859137423626862;00001;LF;1;0,0016904166693620937
319;-10,829082840376373;-10,827106423707733;-00001;LF;1;0,001976416668640013
320;-10,796998840457377;-10,795308423788015;00001;LF;1;0,0016904166693620937
321;-10,765252840537528;-10,763276423868888;-00001;LF;1;0,001976416668640013
322;-10,733168840618532;-10,73147842394917;00000;LF;1;0,0016904166693620937
323;-10,70142384069868;-10,69944742403004;-00001;LF;1;0,001976416668640013
324;-10,669339840779685;-10,667649424110323;00001;LF;1;0,0016904166693620937
325;-10,637593840859836;-10,635617424191196;-00001;LF;1;0,001976416668640013
326;-10,60550984094084;-10,603819424271478;00000;LF;1;0,0016904166693620937
327;-10,573763841020991;-10,571787424352351;-00001;LF;1;0,001976416668640013
328;-10,541680841101993;-10,53999042443263;00000;LF;1;0,0016904166693620937
329;-10,509882841182275;-10,508192424512913;00000;LF;1;0,0016904166693620937
330;-10,478136841262426;-10,476160424593786;-00001;LF;1;0,001976416668640013
331;-10,44605284134343;-10,444362424674068;00001;LF;1;0,0016904166693620937
332;-10,414307841423579;-10,412331424754939;-00001;LF;1;0,001976416668640013
333;-10,382223841504583;-10,380533424835221;00000;LF;1;0,0016904166693620937
334;-10,350477841584734;-10,348501424916094;-00001;LF;1;0,001976416668640013
335;-10,318393841665738;-10,316703424996376;00001;LF;1;0,0016904166693620937
336;-10,28664784174589;-10,28467142507725;-00001;LF;1;0,001976416668640013
337;-10,254564841826891;-10,252874425157529;00001;LF;1;0,0016904166693620937
338;-10,222818841907042;-10,220842425238402;-00001;LF;1;0,001976416668640013
339;-10,190734841988046;-10,189044425318684;00000;LF;1;0,0016904166693620937
340;-10,158988842068197;-10,157012425399557;-00001;LF;1;0,001976416668640013
341;-10,126905842149199;-10,125215425479837;00000;LF;1;0,0016904166693620937
342;-10,095107842229481;-10,09341742556012;00000;LF;1;0,0016904166693620937
343;-10,063361842309632;-10,061385425640992;-00001;LF;1;0,001976416668640013
344;-10,031277842390637;-10,029587425721274;00000;LF;1;0,0016904166693620937
345;-9,999531842470788;-9,997555425802148;-00001;LF;1;0,001976416668640013
346;-9,96744884255179;-9,965758425882427;00000;LF;1;0,0016904166693620937
347;-9,93570284263194;-9,9337264259633;-00001;LF;1;0,001976416668640013
348;-9,903618842712945;-9,901928426043582;00000;LF;1;0,0016904166693620937
349;-9,871820842793227;-9,870130426123865;00000;LF;1;0,0016904166693620937
350;-9,840075842873375;-9,838099426204735;-00001;LF;1;0,001976416668640013
351;-9,80799184295438;-9,806301426285017;00001;LF;1;0,0016904166693620937
352;-9,77624584303453;-9,77426942636589;-00001;LF;1;0,001976416668640013
353;-9,744161843115535;-9,742471426446173;00001;LF;1;0,0016904166693620937
354;-9,712415843195686;-9,710439426527046;-00001;LF;1;0,001976416668640013
355;-9,680332843276688;-9,678642426607325;00001;LF;1;0,0016904166693620937
356;-9,648586843356838;-9,646610426688198;-00001;LF;1;0,001976416668640013
357;-9,616502843437843;-9,61481242676848;00000;LF;1;0,0016904166693620937
358;-9,584756843517994;-9,582780426849354;-00001;LF;1;0,001976416668640013
359;-9,552672843598998;-9,550982426929636;00000;LF;1;0,0016904166693620937
360;-9,520927843679146;-9,518951427010506;-00001;LF;1;0,001976416668640013
361;-9,48884384376015;-9,487153427090789;00001;LF;1;0,0016904166693620937
362;-9,457097843840302;-9,455121427171662;-00001;LF;1;0,001976416668640013
363;-9,425013843921306;-9,423323427251944;00001;LF;1;0,0016904166693620937
364;-9,393268844001454;-9,391292427332814;-00001;LF;1;0,001976416668640013
365;-9,361184844082459;-9,359494427413097;00000;LF;1;0,0016904166693620937
366;-9,329386844162741;-9,327696427493379;00001;LF;1;0,0016904166693620937
367;-9,297640844242892;-9,295664427574252;-00001;LF;1;0,001976416668640013
368;-9,265556844323896;-9,263866427654534;00000;LF;1;0,0016904166693620937
369;-9,233811844404045;-9,231835427735405;-00001;LF;1;0,001976416668640013
370;-9,201727844485049;-9,200037427815687;00000;LF;1;0,0016904166693620937
371;-9,1699818445652;-9,16800542789656;-00001;LF;1;0,001976416668640013
372;-9,137897844646204;-9,136207427976842;00000;LF;1;0,0016904166693620937
373;-9,106152844726353;-9,104176428057713;-00001;LF;1;0,001976416668640013
374;-9,074068844807357;-9,072378428137995;00000;LF;1;0,0016904166693620937
375;-9,04227084488764;-9,040580428218277;00000;LF;1;0,0016904166693620937
376;-9,01052484496779;-9,00854842829915;-00001;LF;1;0,001976416668640013
377;-8,978440845048794;-8,976750428379432;00000;LF;1;0,0016904166693620937
378;-8,946695845128943;-8,944719428460303;-00001;LF;1;0,001976416668640013
379;-8,914611845209947;-8,912921428540585;00001;LF;1;0,0016904166693620937
380;-8,882865845290098;-8,880889428621458;-00001;LF;1;0,001976416668640013
381;-8,850781845371102;-8,84909142870174;00000;LF;1;0,0016904166693620937
382;-8,81903684545125;-8,81706042878261;-00001;LF;1;0,001976416668640013
383;-8,786952845532255;-8,785262428862893;00000;LF;1;0,0016904166693620937
384;-8,755154845612537;-8,753464428943175;00000;LF;1;0,0016904166693620937
385;-8,723408845692688;-8,721432429024048;-00001;LF;1;0,001976416668640013
386;-8,691324845773693;-8,68963442910433;00000;LF;1;0,0016904166693620937
387;-8,659579845853841;-8,657603429185201;-00001;LF;1;0,001976416668640013
388;-8,627495845934845;-8,625805429265483;00000;LF;1;0,0016904166693620937
389;-8,595749846014996;-8,593773429346356;-00001;LF;1;0,001976416668640013
390;-8,563665846096;-8,561975429426639;00000;LF;1;0,0016904166693620937
391;-8,53186884617628;-8,530178429506918;00000;LF;1;0,0016904166693620937
392;-8,500122846256431;-8,498146429587791;-00001;LF;1;0,001976416668640013
393;-8,468038846337436;-8,466348429668074;00000;LF;1;0,0016904166693620937
394;-8,436292846417587;-8,434316429748947;-00001;LF;1;0,001976416668640013
395;-8,404208846498591;-8,402518429829229;00000;LF;1;0,0016904166693620937
396;-8,37246384657874;-8,3704874299101;-00001;LF;1;0,001976416668640013
397;-8,340379846659744;-8,338689429990382;00000;LF;1;0,0016904166693620937
398;-8,308581846740026;-8,306891430070664;00000;LF;1;0,0016904166693620937
399;-8,276835846820177;-8,274859430151537;-00001;LF;1;0,001976416668640013
400;-8,244752846901179;-8,243062430231817;00000;LF;1;0,0016904166693620937
401;-8,21300684698133;-8,21103043031269;-00001;LF;1;0,001976416668640013
402;-8,180922847062334;-8,179232430392972;00000;LF;1;0,0016904166693620937
403;-8,149176847142485;-8,147200430473845;-00001;LF;1;0,001976416668640013
404;-8,11709284722349;-8,115402430554127;00000;LF;1;0,0016904166693620937
405;-8,085295847303769;-8,083605430634407;00000;LF;1;0,0016904166693620937
406;-8,05354984738392;-8,05157343071528;-00001;LF;1;0,001976416668640013
407;-8,021465847464924;-8,019775430795562;00000;LF;1;0,0016904166693620937
408;-7,989719847545075;-7,987743430876435;-00001;LF;1;0,001976416668640013
409;-7,957636847626077;-7,955946430956715;00000;LF;1;0,0016904166693620937
410;-7,925890847706228;-7,923914431037588;-00001;LF;1;0,001976416668640013
411;-7,893806847787232;-7,89211643111787;00000;LF;1;0,0016904166693620937
412;-7,862008847867514;-7,860318431198152;00000;LF;1;0,0016904166693620937
413;-7,830262847947665;-7,828286431279025;-00001;LF;1;0,001976416668640013
414;-7,798179848028667;-7,796489431359305;00000;LF;1;0,0016904166693620937
415;-7,766433848108818;-7,764457431440178;-00001;LF;1;0,001976416668640013
416;-7,734349848189822;-7,73265943152046;00000;LF;1;0,0016904166693620937
417;-7,702603848269973;-7,700627431601333;-00001;LF;1;0,001976416668640013
418;-7,6705198483509776;-7,6688294316816155;00000;LF;1;0,0016904166693620937
419;-7,638722848431257;-7,637032431761895;00001;LF;1;0,0016904166693620937
420;-7,606976848511408;-7,605000431842768;-00001;LF;1;0,001976416668640013
421;-7,5748928485924125;-7,57320243192305;00000;LF;1;0,0016904166693620937
422;-7,5431468486725635;-7,5411704320039235;-00001;LF;1;0,001976416668640013
423;-7,511063848753565;-7,509373432084203;00000;LF;1;0,0016904166693620937
424;-7,479317848833716;-7,477341432165076;-00001;LF;1;0,001976416668640013
425;-7,4472338489147205;-7,445543432245358;00001;LF;1;0,0016904166693620937
426;-7,4154878489948715;-7,413511432326231;-00001;LF;1;0,001976416668640013
427;-7,383403849075876;-7,381713432406514;00001;LF;1;0,0016904166693620937
428;-7,351658849156024;-7,349682432487384;-00001;LF;1;0,001976416668640013
429;-7,3195748492370285;-7,317884432567666;00001;LF;1;0,0016904166693620937
430;-7,2878288493171794;-7,285852432648539;-00001;LF;1;0,001976416668640013
431;-7,255744849398184;-7,254054432728822;00001;LF;1;0,0016904166693620937
432;-7,223999849478332;-7,222023432809692;-00001;LF;1;0,001976416668640013
433;-7,1919158495593365;-7,190225432889974;00001;LF;1;0,0016904166693620937
434;-7,160169849639487;-7,158193432970847;-00001;LF;1;0,001976416668640013
435;-7,128085849720492;-7,12639543305113;00000;LF;1;0,0016904166693620937
436;-7,096339849800643;-7,094363433132003;-00001;LF;1;0,001976416668640013
437;-7,0642568498816445;-7,062566433212282;00000;LF;1;0,0016904166693620937
438;-7,032458849961927;-7,030768433292565;00000;LF;1;0,0016904166693620937
439;-7,000712850042078;-6,998736433373438;-00001;LF;1;0,001976416668640013
440;-6,968628850123082;-6,96693843345372;00000;LF;1;0,0016904166693620937
441;-6,93688385020323;-6,93490743353459;-00001;LF;1;0,001976416668640013
442;-6,904799850284235;-6,903109433614873;00001;LF;1;0,0016904166693620937
443;-6,873053850364386;-6,871077433695746;-00001;LF;1;0,001976416668640013
444;-6,84096985044539;-6,839279433776028;00000;LF;1;0,0016904166693620937
445;-6,809223850525541;-6,807247433856901;-00001;LF;1;0,001976416668640013
446;-6,777140850606543;-6,775450433937181;00000;LF;1;0,0016904166693620937
447;-6,745342850686825;-6,743652434017463;00000;LF;1;0,0016904166693620937
448;-6,713596850766976;-6,711620434098336;-00001;LF;1;0,001976416668640013
449;-6,68151285084798;-6,679822434178618;00001;LF;1;0,0016904166693620937
450;-6,649767850928129;-6,647791434259489;-00001;LF;1;0,001976416668640013
451;-6,617683851009133;-6,615993434339771;00001;LF;1;0,0016904166693620937
452;-6,585937851089284;-6,583961434420644;-00001;LF;1;0,001976416668640013
453;-6,553853851170288;-6,552163434500926;00001;LF;1;0,0016904166693620937
454;-6,522107851250439;-6,520131434581799;-00001;LF;1;0,001976416668640013
455;-6,490024851331441;-6,488334434662079;00001;LF;1;0,0016904166693620937
456;-6,458278851411592;-6,456302434742952;-00001;LF;1;0,001976416668640013
457;-6,426194851492596;-6,424504434823234;00001;LF;1;0,0016904166693620937
458;-6,394448851572747;-6,392472434904107;-00001;LF;1;0,001976416668640013
459;-6,362365851653749;-6,360675434984387;00001;LF;1;0,0016904166693620937
460;-6,3306198517339;-6,32864343506526;-00001;LF;1;0,001976416668640013
461;-6,298535851814904;-6,296845435145542;00000;LF;1;0,0016904166693620937
462;-6,266789851895055;-6,264813435226415;-00001;LF;1;0,001976416668640013
463;-6,234705851976059;-6,233015435306697;00001;LF;1;0,0016904166693620937
464;-6,202960852056208;-6,200984435387568;-00001;LF;1;0,001976416668640013
465;-6,170876852137212;-6,16918643546785;00000;LF;1;0,0016904166693620937
466;-6,139130852217363;-6,137154435548723;-00001;LF;1;0,001976416668640013
467;-6,107046852298367;-6,105356435629005;00001;LF;1;0,0016904166693620937
468;-6,075301852378516;-6,073325435709876;-00001;LF;1;0,001976416668640013
469;-6,04321785245952;-6,041527435790158;00000;LF;1;0,0016904166693620937
470;-6,011419852539802;-6,00972943587044;00000;LF;1;0,0016904166693620937
471;-5,979673852619953;-5,977697435951313;-00001;LF;1;0,001976416668640013
472;-5,947589852700958;-5,9458994360315955;00001;LF;1;0,0016904166693620937
473;-5,915844852781106;-5,913868436112466;-00001;LF;1;0,001976416668640013
474;-5,88376085286211;-5,882070436192748;00000;LF;1;0,0016904166693620937
475;-5,852014852942261;-5,850038436273621;-00001;LF;1;0,001976416668640013
476;-5,819930853023266;-5,8182404363539035;00000;LF;1;0,0016904166693620937
477;-5,788184853103417;-5,786208436434777;-00001;LF;1;0,001976416668640013
478;-5,756101853184418;-5,754411436515056;00000;LF;1;0,0016904166693620937
479;-5,724303853264701;-5,7226134365953385;00001;LF;1;0,0016904166693620937
480;-5,6925578533448515;-5,6905814366762115;-00001;LF;1;0,001976416668640013
481;-5,660473853425856;-5,658783436756494;00000;LF;1;0,0016904166693620937
482;-5,628676853506136;-5,6269864368367735;00000;LF;1;0,0016904166693620937
483;-5,596878853586418;-5,595188436917056;00000;LF;1;0,0016904166693620937
484;-5,5650808536667;-5,563390436997338;00001;LF;1;0,0016904166693620937
485;-5,533282853746982;-5,53159243707762;00000;LF;1;0,0016904166693620937
486;-5,5014848538272645;-5,499794437157902;00000;LF;1;0,0016904166693620937
487;-5,469687853907544;-5,467997437238182;00000;LF;1;0,0016904166693620937
488;-5,437889853987826;-5,436199437318464;00000;LF;1;0,0016904166693620937
489;-5,406091854068109;-5,404401437398747;00000;LF;1;0,0016904166693620937
490;-5,374293854148391;-5,372603437479029;00000;LF;1;0,0016904166693620937
491;-5,342496854228671;-5,3408064375593085;00001;LF;1;0,0016904166693620937
492;-5,310698854308953;-5,309008437639591;00001;LF;1;0,0016904166693620937
493;-5,278900854389235;-5,277210437719873;00001;LF;1;0,0016904166693620937
494;-5,247102854469517;-5,245412437800155;00001;LF;1;0,0016904166693620937
495;-5,2153048545497995;-5,213614437880437;00001;LF;1;0,0016904166693620937
496;-5,183507854630079;-5,181817437960717;00001;LF;1;0,0016904166693620937
497;-5,1517098547103615;-5,150019438040999;00001;LF;1;0,0016904166693620937
498;-5,119911854790644;-5,118221438121282;00001;LF;1;0,0016904166693620937
499;-5,088113854870926;-5,086423438201564;00001;LF;1;0,0016904166693620937
500;-5,056316854951206;-5,0546264382818435;00001;LF;1;0,0016904166693620937
501;-5,024518855031488;-5,022828438362126;00001;LF;1;0,0016904166693620937
502;-4,99272085511177;-4,991030438442408;00001;LF;1;0,0016904166693620937
503;-4,960922855192052;-4,95923243852269;00001;LF;1;0,0016904166693620937
504;-4,929124855272335;-4,9274344386029725;00001;LF;1;0,0016904166693620937
505;-4,897327855352614;-4,895637438683252;00001;LF;1;0,0016904166693620937
506;-4,8655298554328965;-4,863839438763534;00001;LF;1;0,0016904166693620937
507;-4,833731855513179;-4,832041438843817;00001;LF;1;0,0016904166693620937
508;-4,801933855593461;-4,800243438924099;00001;LF;1;0,0016904166693620937
509;-4,770136855673741;-4,768446439004379;00001;LF;1;0,0016904166693620937
510;-4,738338855754023;-4,736648439084661;00001;LF;1;0,0016904166693620937
511;-4,706540855834305;-4,704850439164943;00001;LF;1;0,0016904166693620937
512;-4,674742855914587;-4,673052439245225;00001;LF;1;0,0016904166693620937
513;-4,64294485599487;-4,6412544393255075;00001;LF;1;0,0016904166693620937
514;-4,611147856075149;-4,609457439405787;00001;LF;1;0,0016904166693620937
515;-4,5793498561554316;-4,5776594394860695;00001;LF;1;0,0016904166693620937
516;-4,547551856235714;-4,545861439566352;00001;LF;1;0,0016904166693620937
517;-4,515753856315996;-4,514063439646634;00001;LF;1;0,0016904166693620937
518;-4,483955856396278;-4,482266439726914;00001;LF;1;0,0016894166693646184
519;-4,452158856476558;-4,450468439807196;00001;LF;1;0,0016904166693620937
520;-4,42036085655684;-4,418670439887478;00001;LF;1;0,0016904166693620937
521;-4,388562856637122;-4,38687243996776;00001;LF;1;0,0016904166693620937
522;-4,356764856717405;-4,355074440048043;00001;LF;1;0,0016904166693620937
523;-4,324967856797684;-4,323277440128322;00001;LF;1;0,0016904166693620937
524;-4,293169856877967;-4,2914794402086045;00001;LF;1;0,0016904166693620937
525;-4,261371856958249;-4,259681440288887;00001;LF;1;0,0016904166693620937
526;-4,229573857038531;-4,227883440369169;00001;LF;1;0,0016904166693620937
527;-4,197775857118813;-4,196085440449451;00001;LF;1;0,0016904166693620937
528;-4,165978857199093;-4,164288440529731;00001;LF;1;0,0016904166693620937
529;-4,134180857279375;-4,132490440610013;00001;LF;1;0,0016904166693620937
530;-4,1023828573596575;-4,100692440690295;00001;LF;1;0,0016904166693620937
531;-4,07058485743994;-4,068894440770578;00001;LF;1;0,0016904166693620937
532;-4,038787857520219;-4,037097440850857;00001;LF;1;0,0016904166693620937
533;-4,006989857600502;-4,0052994409311395;00001;LF;1;0,0016904166693620937
534;-3,975191857680784;-3,9735014410114218;00001;LF;1;0,0016904166693620937
535;-3,943393857761066;-3,941703441091704;00001;LF;1;0,0016904166693620937
536;-3,9115958578413483;-3,9099054411719862;00001;LF;1;0,0016904166693620937
537;-3,879798857921628;-3,878108441252266;00001;LF;1;0,0016904166693620937
538;-3,8480008580019103;-3,846310441332548;00001;LF;1;0,0016904166693620937
539;-3,8162028580821925;-3,8145124414128304;00001;LF;1;0,0016904166693620937
540;-3,7844048581624747;-3,7827144414931126;00001;LF;1;0,0016904166693620937
541;-3,7526078582427544;-3,7509174415733924;00001;LF;1;0,0016904166693620937
542;-3,7208098583230367;-3,7191194416536746;00001;LF;1;0,0016904166693620937
543;-3,689011858403319;-3,687321441733957;00001;LF;1;0,0016904166693620937
544;-3,657213858483601;-3,655523441814239;00001;LF;1;0,0016904166693620937
545;-3,6254158585638834;-3,6237254418945213;00001;LF;1;0,0016904166693620937
546;-3,593618858644163;-3,591928441974801;00001;LF;1;0,0016904166693620937
547;-3,5618208587244453;-3,560130442055083;00001;LF;1;0,0016904166693620937
548;-3,5300228588047275;-3,5283324421353655;00001;LF;1;0,0016904166693620937
549;-3,49822485888501;-3,4965344422156477;00001;LF;1;0,0016904166693620937
550;-3,4664278589652895;-3,4647374422959274;00001;LF;1;0,0016904166693620937
551;-3,4346298590455717;-3,4329394423762096;00001;LF;1;0,0016904166693620937
552;-3,402831859125854;-3,401141442456492;00001;LF;1;0,0016904166693620937
553;-3,371033859206136;-3,369343442536774;00001;LF;1;0,0016904166693620937
554;-3,3392358592864184;-3,3375454426170563;00001;LF;1;0,0016904166693620937
555;-3,307438859366698;-3,305748442697336;00001;LF;1;0,0016904166693620937
556;-3,2756408594469804;-3,2739504427776183;00001;LF;1;0,0016904166693620937
557;-3,2438428595272626;-3,2421524428579005;00001;LF;1;0,0016904166693620937
558;-3,212044859607545;-3,2103544429381827;00001;LF;1;0,0016904166693620937
559;-3,1802478596878245;-3,1785574430184624;00001;LF;1;0,0016904166693620937
560;-3,1484498597681068;-3,1467594430987447;00001;LF;1;0,0016904166693620937
561;-3,116651859848389;-3,114961443179027;00001;LF;1;0,0016904166693620937
562;-3,0848538599286712;-3,083163443259309;00001;LF;1;0,0016904166693620937
563;-3,0530558600089535;-3,0513654433395914;00001;LF;1;0,0016904166693620937
564;-3,021258860089233;-3,019568443419871;00001;LF;1;0,0016904166693620937
565;-2,9894608601695154;-2,9877704435001533;00001;LF;1;0,0016904166693620937
566;-2,9576628602497976;-2,9559724435804355;00001;LF;1;0,0016904166693620937
567;-2,92586486033008;-2,9241744436607178;00001;LF;1;0,0016904166693620937
568;-2,894066860410362;-2,892376443741;00001;LF;1;0,0016904166693620937
569;-2,862269860490642;-2,8605794438212797;00001;LF;1;0,0016904166693620937
570;-2,830471860570924;-2,828781443901562;00001;LF;1;0,0016904166693620937
571;-2,7986738606512063;-2,796983443981844;00001;LF;1;0,0016904166693620937
572;-2,7668758607314885;-2,7651854440621264;00001;LF;1;0,0016904166693620937
573;-2,735078860811768;-2,733388444142406;00001;LF;1;0,0016904166693620937
574;-2,7032808608920504;-2,7015904442226883;00001;LF;1;0,0016904166693620937
575;-2,6714828609723327;-2,6697924443029706;00001;LF;1;0,0016904166693620937
576;-2,639684861052615;-2,637994444383253;00001;LF;1;0,0016904166693620937
577;-2,607886861132897;-2,606196444463535;00001;LF;1;0,0016904166693620937
578;-2,576089861213177;-2,5743994445438148;00001;LF;1;0,0016904166693620937
579;-2,544291861293459;-2,542601444624097;00001;LF;1;0,0016904166693620937
580;-2,5124938613737413;-2,510803444704379;00001;LF;1;0,0016904166693620937
581;-2,4806958614540235;-2,4790054447846614;00001;LF;1;0,0016904166693620937
582;-2,4488988615343033;-2,447208444864941;00001;LF;1;0,0016904166693620937
583;-2,4171008616145855;-2,4154104449452234;00001;LF;1;0,0016904166693620937
584;-2,3853028616948677;-2,3836124450255056;00001;LF;1;0,0016904166693620937
585;-2,35350486177515;-2,351814445105788;00001;LF;1;0,0016904166693620937
586;-2,321706861855432;-2,32001644518607;00001;LF;1;0,0016904166693620937
587;-2,289909861935712;-2,28821944526635;00001;LF;1;0,0016904166693620937
588;-2,258111862015994;-2,256421445346632;00001;LF;1;0,0016904166693620937
589;-2,2263138620962764;-2,2246234454269143;00001;LF;1;0,0016904166693620937
590;-2,1945158621765586;-2,1928254455071965;00001;LF;1;0,0016904166693620937
591;-2,1627188622568383;-2,161028445587476;00001;LF;1;0,0016904166693620937
592;-2,1309208623371205;-2,1292304456677584;00001;LF;1;0,0016904166693620937
593;-2,0991228624174028;-2,0974324457480407;00000;LF;1;0,0016904166693620937
594;-2,067324862497685;-2,065634445828323;00001;LF;1;0,0016904166693620937
595;-2,035526862577967;-2,033836445908605;00000;LF;1;0,0016904166693620937
596;-2,0037818626581156;-2,0018054459894756;-00001;LF;1;0,001976416668640013
597;-1,97169786273912;-1,9700074460697579;00000;LF;1;0,0016904166693620937
598;-1,9398998628194022;-1,93820944615004;00000;LF;1;0,0016904166693620937
599;-1,9081018628996844;-1,9064114462303223;00000;LF;1;0,0016904166693620937
600;-1,8763048629799641;-1,874614446310602;00000;LF;1;0,0016904166693620937
601;-1,8445068630602464;-1,8428164463908843;00001;LF;1;0,0016904166693620937
602;-1,8127088631405286;-1,8110184464711665;00001;LF;1;0,0016904166693620937
603;-1,7809108632208108;-1,7792204465514487;00001;LF;1;0,0016904166693620937
604;-1,749112863301093;-1,747422446631731;00001;LF;1;0,0016904166693620937
605;-1,7173158633813728;-1,7156254467120107;00000;LF;1;0,0016904166693620937
606;-1,685517863461655;-1,683827446792293;00001;LF;1;0,0016904166693620937
607;-1,6537198635419372;-1,6520294468725751;00001;LF;1;0,0016904166693620937
608;-1,6219218636222195;-1,6202314469528574;00001;LF;1;0,0016904166693620937
609;-1,5901238637025017;-1,588434447033137;00000;LF;1;0,0016894166693646184
610;-1,5583788637826501;-1,55640244711401;-00001;LF;1;0,001976416668640013
611;-1,5262948638636544;-1,5246044471942923;00001;LF;1;0,0016904166693620937
612;-1,4944968639439367;-1,4928064472745746;00001;LF;1;0,0016904166693620937
613;-1,462698864024219;-1,4610084473548568;00001;LF;1;0,0016904166693620937
614;-1,4309018641044986;-1,4292114474351365;00001;LF;1;0,0016904166693620937
615;-1,3991038641847808;-1,3974134475154187;00001;LF;1;0,0016904166693620937
616;-1,367305864265063;-1,365615447595701;00001;LF;1;0,0016904166693620937
617;-1,3355078643453453;-1,3338174476759832;00001;LF;1;0,0016904166693620937
618;-1,3037098644256275;-1,3020194477562654;00001;LF;1;0,0016904166693620937
619;-1,2719128645059072;-1,2702224478365451;00001;LF;1;0,0016904166693620937
620;-1,2401148645861895;-1,2384244479168274;00001;LF;1;0,0016904166693620937
621;-1,2083168646664717;-1,2066264479971096;00001;LF;1;0,0016904166693620937
622;-1,176518864746754;-1,1748284480773918;00001;LF;1;0,0016904166693620937
623;-1,1447218648270336;-1,1430314481576715;00001;LF;1;0,0016904166693620937
624;-1,1129238649073159;-1,1112334482379538;00001;LF;1;0,0016904166693620937
625;-1,081125864987598;-1,079435448318236;00001;LF;1;0,0016904166693620937
626;-1,0493278650678803;-1,0476374483985182;00001;LF;1;0,0016904166693620937
627;-1,0175298651481626;-1,0158394484788005;00001;LF;1;0,0016904166693620937
628;-0,9857328652284423;-0,9840424485590802;00001;LF;1;0,0016904166693620937
629;-0,9539348653087245;-0,9522444486393624;00001;LF;1;0,0016904166693620937
630;-0,9221368653890067;-0,9204464487196446;00001;LF;1;0,0016904166693620937
631;-0,890338865469289;-0,8886484487999269;00001;LF;1;0,0016904166693620937
632;-0,8585418655495687;-0,8568514488802066;00001;LF;1;0,0016904166693620937
633;-0,8267438656298509;-0,8250534489604888;00001;LF;1;0,0016904166693620937
634;-0,7949458657101331;-0,793255449040771;00001;LF;1;0,0016904166693620937
635;-0,7631478657904154;-0,7614574491210533;00001;LF;1;0,0016904166693620937
636;-0,7313498658706976;-0,7296594492013355;00001;LF;1;0,0016904166693620937
637;-0,6995528659509773;-0,6978624492816152;00001;LF;1;0,0016904166693620937
638;-0,6677548660312596;-0,6660644493618975;00001;LF;1;0,0016904166693620937
639;-0,6359568661115418;-0,6342664494421797;00001;LF;1;0,0016904166693620937
640;-0,604158866191824;-0,6024684495224619;00001;LF;1;0,0016904166693620937
641;-0,5723618662721037;-0,5706714496027416;00001;LF;1;0,0016904166693620937
642;-0,540563866352386;-0,5388734496830239;00001;LF;1;0,0016904166693620937
643;-0,5087658664326682;-0,5070754497633061;00001;LF;1;0,0016904166693620937
644;-0,4769678665129504;-0,47527744984358833;00001;LF;1;0,0016904166693620937
645;-0,44516986659323265;-0,44347944992387056;00001;LF;1;0,0016904166693620937
646;-0,41337286667351236;-0,41168245000415027;00001;LF;1;0,0016904166693620937
647;-0,3815748667537946;-0,3798844500844325;00001;LF;1;0,0016904166693620937
648;-0,3497768668340768;-0,34808645016471473;00001;LF;1;0,0016904166693620937
649;-0,31797886691435906;-0,31628845024499697;00001;LF;1;0,0016904166693620937
650;-0,28618186699463877;-0,2844914503252767;00001;LF;1;0,0016904166693620937
651;-0,254383867074921;-0,2526934504055589;00001;LF;1;0,0016904166693620937
652;-0,22258586715520323;-0,22089545048584114;00001;LF;1;0,0016904166693620937
653;-0,19078786723548546;-0,18909745056612337;00001;LF;1;0,0016904166693620937
654;-0,1589898673157677;-0,1572994506464056;00001;LF;1;0,0016904166693620937
655;-0,1271928673960474;-0,1255024507266853;00001;LF;1;0,0016904166693620937
656;-0,09539486747632964;-0,09370445080696754;00001;LF;1;0,0016904166693620937
657;-0,06359686755661187;-0,061906450887249775;00001;LF;1;0,0016904166693620937
658;-0,0317988676368941;-0,030108450967532008;00001;LF;1;0,0016904166693620937
659;-8,677171763338265E-07;0,0016895489521857598;00001;LF;1;0,0016904166693620937
660;0,03179613220254396;0,03348654887190605;00001;LF;1;0,0016904166693620937
661;0,06359413212226173;0,06528454879162382;00001;LF;1;0,0016904166693620937
662;0,0953921320419795;0,09708254871134159;00001;LF;1;0,0016904166693620937
663;0,12719013196169726;0,12888054863105936;00001;LF;1;0,0016904166693620937
664;0,15898713188141755;0,16067754855077965;00001;LF;1;0,0016904166693620937
665;0,19078513180113532;0,19247554847049742;00001;LF;1;0,0016904166693620937
666;0,2225831317208531;0,22427354839021518;00001;LF;1;0,0016904166693620937
667;0,25438113164057086;0,25607154830993295;00001;LF;1;0,0016904166693620937
668;0,2861791315602886;0,2878695482296507;00001;LF;1;0,0016904166693620937
669;0,3179761314800089;0,319666548149371;00001;LF;1;0,0016904166693620937
670;0,3497741313997267;0,3514645480690888;00001;LF;1;0,0016904166693620937
671;0,38157213131944445;0,38326254798880655;00001;LF;1;0,0016904166693620937
672;0,4133701312391622;0,4150605479085243;00001;LF;1;0,0016904166693620937
673;0,4451671311588825;0,4468575478282446;00001;LF;1;0,0016904166693620937
674;0,4769651310786003;0,4786555477479624;00001;LF;1;0,0016904166693620937
675;0,508763130998318;0,5104535476676801;00001;LF;1;0,0016904166693620937
676;0,5405611309180358;0,5422515475873979;00001;LF;1;0,0016904166693620937
677;0,5723591308377536;0,5740495475071157;00001;LF;1;0,0016904166693620937
678;0,6041561307574739;0,605846547426836;00001;LF;1;0,0016904166693620937
679;0,6359541306771916;0,6376445473465537;00000;LF;1;0,0016904166693620937
680;0,6677521305969094;0,6694425472662715;00000;LF;1;0,0016904166693620937
681;0,6995501305166272;0,7012405471859893;00001;LF;1;0,0016904166693620937
682;0,7313471304363475;0,7330375471057096;00001;LF;1;0,0016904166693620937
683;0,7631451303560652;0,7648355470254273;00000;LF;1;0,0016904166693620937
684;0,794943130275783;0,7966335469451451;00000;LF;1;0,0016904166693620937
685;0,8267411301955008;0,8284315468648629;00000;LF;1;0,0016904166693620937
686;0,8585391301152185;0,8602295467845806;00000;LF;1;0,0016904166693620937
687;0,8903361300349388;0,8920265467043009;00001;LF;1;0,0016904166693620937
688;0,9221341299546566;0,9238245466240187;00002;LF;1;0,0016904166693620937
689;0,9539321298743744;0,9556225465437365;00001;LF;1;0,0016904166693620937
690;0,9857301297940921;0,9874205464634542;00001;LF;1;0,0016904166693620937
691;1,0175271297138124;1,0192175463831745;00001;LF;1;0,0016904166693620937
692;1,0493251296335302;1,0510155463028923;00001;LF;1;0,0016904166693620937
693;1,081123129553248;1,08281354622261;00002;LF;1;0,0016904166693620937
694;1,1129211294729657;1,1146115461423278;00000;LF;1;0,0016904166693620937
695;1,1447191293926835;1,1464095460620456;00000;LF;1;0,0016904166693620937
696;1,1765161293124038;1,1782065459817659;00002;LF;1;0,0016904166693620937
697;1,2083141292321216;1,2100045459014837;00001;LF;1;0,0016904166693620937
698;1,2401121291518393;1,2418025458212014;00000;LF;1;0,0016904166693620937
699;1,271910129071557;1,2736005457409192;00000;LF;1;0,0016904166693620937
700;1,3037081289912749;1,3053975456606395;00002;LF;1;0,0016894166693646184
701;1,3355051289109952;1,3371955455803572;00001;LF;1;0,0016904166693620937
702;1,367303128830713;1,368993545500075;00001;LF;1;0,0016904166693620937
703;1,3991011287504307;1,4007915454197928;00001;LF;1;0,0016904166693620937
704;1,4308991286701485;1,4325895453395106;00001;LF;1;0,0016904166693620937
705;1,4626961285898687;1,4643865452592308;00001;LF;1;0,0016904166693620937
706;1,4944941285095865;1,4961845451789486;00001;LF;1;0,0016904166693620937
707;1,5262921284293043;1,5279825450986664;00001;LF;1;0,0016904166693620937
708;1,558090128349022;1,5597805450183841;00001;LF;1;0,0016904166693620937
709;1,5898881282687398;1,591578544938102;00001;LF;1;0,0016904166693620937
710;1,6216851281884601;1,6233755448578222;00001;LF;1;0,0016904166693620937
711;1,6534831281081779;1,65517354477754;00000;LF;1;0,0016904166693620937
712;1,6852811280278956;1,6869715446972577;00000;LF;1;0,0016904166693620937
713;1,7170791279476134;1,7187695446169755;00000;LF;1;0,0016904166693620937
714;1,7488761278673337;1,7505665445366958;00000;LF;1;0,0016904166693620937
715;1,7806741277870515;1,7823645444564136;00000;LF;1;0,0016904166693620937
716;1,8124721277067692;1,8141625443761313;00000;LF;1;0,0016904166693620937
717;1,844270127626487;1,845960544295849;00001;LF;1;0,0016904166693620937
718;1,8760681275462048;1,8777585442155669;00001;LF;1;0,0016904166693620937
719;1,907865127465925;1,9095555441352872;00001;LF;1;0,0016904166693620937
720;1,9396631273856428;1,941353544055005;00001;LF;1;0,0016904166693620937
721;1,9714611273053606;1,9731515439747227;00001;LF;1;0,0016904166693620937
722;2,0032591272250784;2,0049495438944405;00001;LF;1;0,0016904166693620937
723;2,0350561271447987;2,0367465438141608;00001;LF;1;0,0016904166693620937
724;2,0668541270645164;2,0685445437338785;00001;LF;1;0,0016904166693620937
725;2,098652126984234;2,1003425436535963;00001;LF;1;0,0016904166693620937
726;2,130450126903952;2,132140543573314;00001;LF;1;0,0016904166693620937
727;2,1622481268236697;2,163938543493032;00001;LF;1;0,0016904166693620937
728;2,19404512674339;2,195735543412752;00001;LF;1;0,0016904166693620937
729;2,225843126663108;2,22753354333247;00001;LF;1;0,0016904166693620937
730;2,2576411265828256;2,2593315432521877;00001;LF;1;0,0016904166693620937
731;2,2894391265025433;2,2911295431719054;00001;LF;1;0,0016904166693620937
732;2,3212361264222636;2,3229265430916257;00001;LF;1;0,0016904166693620937
733;2,3530341263419814;2,3547245430113435;00001;LF;1;0,0016904166693620937
734;2,384832126261699;2,3865225429310613;00001;LF;1;0,0016904166693620937
735;2,416630126181417;2,418320542850779;00001;LF;1;0,0016904166693620937
736;2,4484281261011347;2,450118542770497;00001;LF;1;0,0016904166693620937
737;2,480225126020855;2,481915542690217;00001;LF;1;0,0016904166693620937
738;2,5120231259405728;2,513713542609935;00001;LF;1;0,0016904166693620937
739;2,5438211258602905;2,5455115425296526;00001;LF;1;0,0016904166693620937
740;2,5756191257800083;2,5773095424493704;00001;LF;1;0,0016904166693620937
741;2,6074161256997286;2,6091065423690907;00001;LF;1;0,0016904166693620937
742;2,6392141256194463;2,6409045422888084;00001;LF;1;0,0016904166693620937
743;2,671012125539164;2,672702542208526;00001;LF;1;0,0016904166693620937
744;2,702810125458882;2,704500542128244;00001;LF;1;0,0016904166693620937
745;2,7346081253785997;2,7362985420479617;00001;LF;1;0,0016904166693620937
746;2,76640512529832;2,768095541967682;00001;LF;1;0,0016904166693620937
747;2,7982031252180377;2,7998935418874;00001;LF;1;0,0016904166693620937
748;2,8300011251377555;2,8316915418071176;00001;LF;1;0,0016904166693620937
749;2,8617991250574732;2,8634895417268353;00001;LF;1;0,0016904166693620937
750;2,893597124977191;2,895287541646553;00001;LF;1;0,0016904166693620937
751;2,9253941248969113;2,9270845415662734;00001;LF;1;0,0016904166693620937
752;2,957192124816629;2,958882541485991;00001;LF;1;0,0016904166693620937
753;2,988990124736347;2,990680541405709;00001;LF;1;0,0016904166693620937
754;3,0207881246560646;3,0224785413254267;00001;LF;1;0,0016904166693620937
755;3,052585124575785;3,054275541245147;00001;LF;1;0,0016904166693620937
756;3,0843831244955027;3,0860735411648648;00001;LF;1;0,0016904166693620937
757;3,1161811244152204;3,1178715410845825;00001;LF;1;0,0016904166693620937
758;3,147979124334938;3,1496695410043003;00001;LF;1;0,0016904166693620937
759;3,179777124254656;3,181467540924018;00001;LF;1;0,0016904166693620937
760;3,2115741241743763;3,2132645408437384;00001;LF;1;0,0016904166693620937
761;3,243372124094094;3,245062540763456;00001;LF;1;0,0016904166693620937
762;3,275170124013812;3,276860540683174;00001;LF;1;0,0016904166693620937
763;3,3069681239335296;3,3086585406028917;00001;LF;1;0,0016904166693620937
764;3,33876512385325;3,340455540522612;00001;LF;1;0,0016904166693620937
765;3,3705631237729676;3,3722535404423297;00001;LF;1;0,0016904166693620937
766;3,4023611236926854;3,4040515403620475;00001;LF;1;0,0016904166693620937
767;3,434159123612403;3,4358495402817653;00001;LF;1;0,0016904166693620937
768;3,465957123532121;3,467647540201483;00001;LF;1;0,0016904166693620937
769;3,4977541234518412;3,4994445401212033;00001;LF;1;0,0016904166693620937
770;3,529552123371559;3,531242540040921;00001;LF;1;0,0016904166693620937
771;3,5613501232912768;3,563040539960639;00001;LF;1;0,0016904166693620937
772;3,5931481232109945;3,5948385398803566;00001;LF;1;0,0016904166693620937
773;3,624945123130715;3,626635539800077;00001;LF;1;0,0016904166693620937
774;3,6567431230504326;3,6584335397197947;00001;LF;1;0,0016904166693620937
775;3,6885411229701504;3,6902315396395124;00001;LF;1;0,0016904166693620937
776;3,720339122889868;3,72202953955923;00001;LF;1;0,0016904166693620937
777;3,752137122809586;3,753827539478948;00001;LF;1;0,0016904166693620937
778;3,783934122729306;3,7856245393986683;00001;LF;1;0,0016904166693620937
779;3,815732122649024;3,817422539318386;00001;LF;1;0,0016904166693620937
780;3,8475301225687417;3,849220539238104;00000;LF;1;0,0016904166693620937
781;3,8793281224884595;3,8810185391578216;00000;LF;1;0,0016904166693620937
782;3,9111251224081798;3,912815539077542;00001;LF;1;0,0016904166693620937
783;3,9429231223278975;3,9446135389972596;00001;LF;1;0,0016904166693620937
784;3,9747211222476153;3,9764115389169774;00001;LF;1;0,0016904166693620937
785;4,006519122167333;4,008209538836695;00001;LF;1;0,0016904166693620937
786;4,038317122087051;4,040007538756413;00001;LF;1;0,0016904166693620937
787;4,070114122006771;4,071804538676133;00001;LF;1;0,0016904166693620937
788;4,101912121926489;4,103602538595851;00002;LF;1;0,0016904166693620937
789;4,133710121846207;4,135400538515569;00002;LF;1;0,0016904166693620937
790;4,165508121765924;4,1671985384352865;00002;LF;1;0,0016904166693620937
791;4,197305121685645;4,198995538355007;00002;LF;1;0,0016904166693620937
792;4,2291031216053625;4,230793538274725;00002;LF;1;0,0016904166693620937
793;4,26090112152508;4,262591538194442;00002;LF;1;0,0016904166693620937
794;4,292699121444798;4,29438953811416;00002;LF;1;0,0016904166693620937
795;4,324497121364516;4,326187538033878;00003;LF;1;0,0016904166693620937
796;4,356294121284236;4,357984537953598;00002;LF;1;0,0016904166693620937
797;4,388092121203954;4,389782537873316;00003;LF;1;0,0016904166693620937
798;4,419890121123672;4,421580537793034;00004;LF;1;0,0016904166693620937
799;4,451688121043389;4,4533785377127515;00003;LF;1;0,0016904166693620937
800;4,483486120963107;4,485176537632469;00005;LF;1;0,0016904166693620937
801;4,5152831208828275;4,5169735375521896;00003;LF;1;0,0016904166693620937
802;4,547081120802545;4,548771537471907;00004;LF;1;0,0016904166693620937
803;4,578879120722263;4,580569537391625;00003;LF;1;0,0016904166693620937
804;4,610677120641981;4,612367537311343;00005;LF;1;0,0016904166693620937
805;4,642474120561701;4,644164537231063;00003;LF;1;0,0016904166693620937
806;4,674272120481419;4,675962537150781;00004;LF;1;0,0016904166693620937
807;4,706070120401137;4,707760537070499;00003;LF;1;0,0016904166693620937
808;4,737868120320854;4,7395585369902165;00005;LF;1;0,0016904166693620937
809;4,769666120240572;4,771356536909934;00003;LF;1;0,0016904166693620937
810;4,801463120160292;4,8031535368296545;00005;LF;1;0,0016904166693620937
811;4,83326112008001;4,834951536749372;00003;LF;1;0,0016904166693620937
812;4,865059119999728;4,86674953666909;00005;LF;1;0,0016904166693620937
813;4,896857119919446;4,898547536588808;00003;LF;1;0,0016904166693620937
814;4,928654119839166;4,930344536508528;00005;LF;1;0,0016904166693620937
815;4,960452119758884;4,962142536428246;00003;LF;1;0,0016904166693620937
816;4,9922501196786015;4,993940536347964;00005;LF;1;0,0016904166693620937
817;5,024048119598319;5,025738536267681;00003;LF;1;0,0016904166693620937
818;5,055846119518037;5,057536536187399;00005;LF;1;0,0016904166693620937
819;5,087643119437757;5,0893335361071195;00003;LF;1;0,0016904166693620937
820;5,119441119357475;5,121131536026837;00005;LF;1;0,0016904166693620937
821;5,151239119277193;5,152929535946555;00003;LF;1;0,0016904166693620937
822;5,183037119196911;5,184727535866273;00005;LF;1;0,0016904166693620937
823;5,214834119116631;5,216524535785993;00003;LF;1;0,0016904166693620937
824;5,246632119036349;5,248322535705711;00005;LF;1;0,0016904166693620937
825;5,2784301189560665;5,280120535625429;00003;LF;1;0,0016904166693620937
826;5,310228118875784;5,311918535545146;00005;LF;1;0,0016904166693620937
827;5,342026118795502;5,343716535464864;00003;LF;1;0,0016904166693620937
828;5,373823118715222;5,375513535384584;00005;LF;1;0,0016904166693620937
829;5,40562111863494;5,407311535304302;00003;LF;1;0,0016904166693620937
830;5,437419118554658;5,43910953522402;00005;LF;1;0,0016904166693620937
831;5,469217118474376;5,470907535143738;00003;LF;1;0,0016904166693620937
832;5,501014118394096;5,502704535063458;00005;LF;1;0,0016904166693620937
833;5,532812118313814;5,534502534983176;00003;LF;1;0,0016904166693620937
834;5,5646101182335315;5,566300534902894;00005;LF;1;0,0016904166693620937
835;5,596408118153249;5,598098534822611;00003;LF;1;0,0016904166693620937
836;5,628206118072967;5,629896534742329;00004;LF;1;0,0016904166693620937
837;5,660003117992687;5,661693534662049;00003;LF;1;0,0016904166693620937
838;5,691801117912405;5,693491534581767;00003;LF;1;0,0016904166693620937
839;5,723599117832123;5,725289534501485;00003;LF;1;0,0016904166693620937
840;5,755397117751841;5,757087534421203;00003;LF;1;0,0016904166693620937
841;5,787194117671561;5,788884534340923;00001;LF;1;0,0016904166693620937
842;5,818992117591279;5,820682534260641;00002;LF;1;0,0016904166693620937
843;5,850790117510996;5,8524805341803585;00001;LF;1;0,0016904166693620937
844;5,882588117430714;5,884278534100076;00000;LF;1;0,0016904166693620937
845;5,914386117350432;5,916076534019794;00000;LF;1;0,0016904166693620937
846;5,946183117270152;5,947873533939514;00001;LF;1;0,0016904166693620937
847;5,97798111718987;5,979671533859232;00001;LF;1;0,0016904166693620937
848;6,009779117109588;6,01146953377895;00001;LF;1;0,0016904166693620937
849;6,0415771170293056;6,043267533698668;00001;LF;1;0,0016904166693620937
850;6,073375116949023;6,075065533618385;00001;LF;1;0,0016904166693620937
851;6,105172116868744;6,106862533538106;00001;LF;1;0,0016904166693620937
852;6,136970116788461;6,1386605334578235;00001;LF;1;0,0016904166693620937
853;6,168768116708179;6,170458533377541;00001;LF;1;0,0016904166693620937
854;6,200566116627897;6,202256533297259;00001;LF;1;0,0016904166693620937
855;6,232363116547617;6,234053533216979;00001;LF;1;0,0016904166693620937
856;6,264161116467335;6,265851533136697;00001;LF;1;0,0016904166693620937
857;6,295959116387053;6,297649533056415;00001;LF;1;0,0016904166693620937
858;6,3277571163067705;6,329447532976133;00001;LF;1;0,0016904166693620937
859;6,359555116226488;6,36124553289585;00001;LF;1;0,0016904166693620937
860;6,391352116146209;6,393042532815571;00001;LF;1;0,0016904166693620937
861;6,423150116065926;6,424840532735288;00001;LF;1;0,0016904166693620937
862;6,454948115985644;6,456638532655006;00001;LF;1;0,0016904166693620937
863;6,486746115905362;6,488436532574724;00001;LF;1;0,0016904166693620937
864;6,518543115825082;6,520233532494444;00001;LF;1;0,0016904166693620937
865;6,5503411157448;6,552031532414162;00001;LF;1;0,0016904166693620937
866;6,582139115664518;6,58382953233388;00001;LF;1;0,0016904166693620937
867;6,6139371155842355;6,615627532253598;00001;LF;1;0,0016904166693620937
868;6,645735115503953;6,647425532173315;00001;LF;1;0,0016904166693620937
869;6,6775321154236735;6,679222532093036;00001;LF;1;0,0016904166693620937
870;6,709330115343391;6,711020532012753;00001;LF;1;0,0016904166693620937
871;6,741128115263109;6,742818531932471;00001;LF;1;0,0016904166693620937
872;6,772926115182827;6,774616531852189;00001;LF;1;0,0016904166693620937
873;6,804723115102547;6,806413531771909;00001;LF;1;0,0016904166693620937
874;6,836521115022265;6,838211531691627;00001;LF;1;0,0016904166693620937
875;6,868319114941983;6,870009531611345;00001;LF;1;0,0016904166693620937
876;6,9001171148617;6,9018075315310625;00001;LF;1;0,0016904166693620937
877;6,931915114781418;6,93360553145078;00001;LF;1;0,0016904166693620937
878;6,9637121147011385;6,965402531370501;00001;LF;1;0,0016904166693620937
879;6,995510114620856;6,997200531290218;00001;LF;1;0,0016904166693620937
880;7,027308114540574;7,028998531209936;00001;LF;1;0,0016904166693620937
881;7,059106114460292;7,060796531129654;00001;LF;1;0,0016904166693620937
882;7,090903114380012;7,092593531049374;00001;LF;1;0,0016904166693620937
883;7,12270111429973;7,124391530969092;00001;LF;1;0,0016904166693620937
884;7,154499114219448;7,15618953088881;00001;LF;1;0,0016904166693620937
885;7,186297114139165;7,1879875308085275;00001;LF;1;0,0016904166693620937
886;7,218095114058883;7,219785530728245;00001;LF;1;0,0016904166693620937
887;7,2498921139786034;7,2515825306479655;00001;LF;1;0,0016904166693620937
888;7,281690113898321;7,283380530567683;00001;LF;1;0,0016904166693620937
889;7,313488113818039;7,315178530487401;00001;LF;1;0,0016904166693620937
890;7,345286113737757;7,346976530407119;00001;LF;1;0,0016904166693620937
891;7,377083113657477;7,378773530326839;00001;LF;1;0,0016904166693620937
892;7,408881113577195;7,410571530246557;00001;LF;1;0,0016904166693620937
893;7,440679113496913;7,442369530166275;00001;LF;1;0,0016904166693620937
894;7,47247711341663;7,474167530085992;00001;LF;1;0,0016904166693620937
895;7,504275113336348;7,50596553000571;00001;LF;1;0,0016904166693620937
896;7,536072113256068;7,5377625299254305;00001;LF;1;0,0016904166693620937
897;7,567870113175786;7,569560529845148;00001;LF;1;0,0016904166693620937
898;7,599668113095504;7,601358529764866;00001;LF;1;0,0016904166693620937
899;7,631466113015222;7,633156529684584;00001;LF;1;0,0016904166693620937
900;7,6632641129349395;7,664954529604302;00001;LF;1;0,0016904166693620937
901;7,69506111285466;7,696751529524022;00001;LF;1;0,0016904166693620937
902;7,7268591127743775;7,72854952944374;00001;LF;1;0,0016904166693620937
903;7,758657112694095;7,760347529363457;00001;LF;1;0,0016904166693620937
904;7,790455112613813;7,792145529283175;00001;LF;1;0,0016904166693620937
905;7,822252112533533;7,8239425292028955;00001;LF;1;0,0016904166693620937
906;7,854050112453251;7,855740529122613;00001;LF;1;0,0016904166693620937
907;7,885848112372969;7,887538529042331;00001;LF;1;0,0016904166693620937
908;7,917646112292687;7,919336528962049;00001;LF;1;0,0016904166693620937
909;7,949444112212404;7,9511345288817665;00001;LF;1;0,0016904166693620937
910;7,981241112132125;7,982931528801487;00001;LF;1;0,0016904166693620937
911;8,013039112051842;8,014729528721205;00001;LF;1;0,0016904166693620937
912;8,04483711197156;8,046527528640922;00001;LF;1;0,0016904166693620937
913;8,076635111891278;8,07832552856064;00001;LF;1;0,0016904166693620937
914;8,108432111810998;8,11012252848036;00001;LF;1;0,0016904166693620937
915;8,140230111730716;8,141920528400078;00001;LF;1;0,0016904166693620937
916;8,172028111650434;8,173718528319796;00001;LF;1;0,0016904166693620937
917;8,203826111570152;8,205516528239514;00001;LF;1;0,0016904166693620937
918;8,23562411148987;8,237314528159231;00001;LF;1;0,0016904166693620937
919;8,26742111140959;8,269111528078952;00001;LF;1;0,0016904166693620937
920;8,299219111329307;8,30090952799867;00001;LF;1;0,0016904166693620937
921;8,331017111249025;8,332707527918387;00001;LF;1;0,0016904166693620937
922;8,362815111168743;8,364505527838105;00001;LF;1;0,0016904166693620937
923;8,394612111088463;8,396302527757825;00001;LF;1;0,0016904166693620937
924;8,426410111008181;8,428100527677543;00001;LF;1;0,0016904166693620937
925;8,458208110927899;8,459898527597261;00001;LF;1;0,0016904166693620937
926;8,490006110847617;8,491696527516979;00001;LF;1;0,0016904166693620937
927;8,521804110767334;8,523494527436696;00001;LF;1;0,0016904166693620937
928;8,553601110687055;8,555291527356417;00001;LF;1;0,0016904166693620937
929;8,585399110606772;8,587089527276135;00001;LF;1;0,0016904166693620937
930;8,61719711052649;8,618887527195852;00001;LF;1;0,0016904166693620937
931;8,648995110446208;8,65068552711557;00001;LF;1;0,0016904166693620937
932;8,680792110365928;8,68248252703529;00001;LF;1;0,0016904166693620937
933;8,712590110285646;8,714280526955008;00001;LF;1;0,0016904166693620937
934;8,744388110205364;8,746078526874726;00001;LF;1;0,0016904166693620937
935;8,776186110125082;8,777876526794444;00001;LF;1;0,0016904166693620937
936;8,8079841100448;8,809674526714161;00001;LF;1;0,0016904166693620937
937;8,83978110996452;8,841471526633882;00001;LF;1;0,0016904166693620937
938;8,871579109884237;8,8732695265536;00001;LF;1;0,0016904166693620937
939;8,903377109803955;8,905067526473317;00001;LF;1;0,0016904166693620937
940;8,935175109723673;8,936865526393035;00001;LF;1;0,0016904166693620937
941;8,966972109643393;8,968662526312755;00001;LF;1;0,0016904166693620937
942;8,998770109563111;9,000460526232473;00001;LF;1;0,0016904166693620937
943;9,030568109482829;9,03225852615219;00001;LF;1;0,0016904166693620937
944;9,062366109402546;9,064056526071909;00001;LF;1;0,0016904166693620937
945;9,094164109322264;9,095854525991626;00001;LF;1;0,0016904166693620937
946;9,125961109241985;9,127651525911347;00001;LF;1;0,0016904166693620937
947;9,157759109161702;9,159449525831064;00001;LF;1;0,0016904166693620937
948;9,18955710908142;9,191247525750782;00001;LF;1;0,0016904166693620937
949;9,221355109001138;9,2230455256705;00001;LF;1;0,0016904166693620937
950;9,253153108920856;9,254843525590218;00001;LF;1;0,0016904166693620937
951;9,284950108840576;9,286640525509938;00001;LF;1;0,0016904166693620937
952;9,316748108760294;9,318438525429656;00001;LF;1;0,0016904166693620937
953;9,348546108680011;9,350236525349374;00001;LF;1;0,0016904166693620937
954;9,38034410859973;9,382034525269091;00001;LF;1;0,0016904166693620937
955;9,41214110851945;9,413831525188812;00001;LF;1;0,0016904166693620937
956;9,443939108439167;9,44562952510853;00001;LF;1;0,0016904166693620937
957;9,475737108358885;9,477427525028247;00001;LF;1;0,0016904166693620937
958;9,507535108278603;9,509225524947965;00001;LF;1;0,0016904166693620937
959;9,53933310819832;9,541023524867683;00001;LF;1;0,0016904166693620937
960;9,57113010811804;9,572820524787403;00001;LF;1;0,0016904166693620937
961;9,602928108037759;9,60461852470712;00001;LF;1;0,0016904166693620937
962;9,634726107957476;9,636416524626839;00001;LF;1;0,0016904166693620937
963;9,666524107877194;9,668214524546556;00001;LF;1;0,0016904166693620937
964;9,698321107796914;9,700011524466277;00001;LF;1;0,0016904166693620937
965;9,730119107716632;9,731809524385994;00001;LF;1;0,0016904166693620937
966;9,76191710763635;9,763607524305712;00001;LF;1;0,0016904166693620937
967;9,793715107556068;9,79540552422543;00001;LF;1;0,0016904166693620937
968;9,825513107475786;9,827203524145148;00001;LF;1;0,0016904166693620937
969;9,857310107395506;9,859000524064868;00001;LF;1;0,0016904166693620937
970;9,889108107315224;9,890798523984586;00001;LF;1;0,0016904166693620937
971;9,920906107234941;9,922596523904303;00001;LF;1;0,0016904166693620937
972;9,95270410715466;9,954394523824021;00001;LF;1;0,0016904166693620937
973;9,98450110707438;9,986191523743742;00001;LF;1;0,0016904166693620937
974;10,016299106994097;10,01798952366346;00001;LF;1;0,0016904166693620937
975;10,048097106913815;10,049787523583177;00001;LF;1;0,0016904166693620937
976;10,079895106833533;10,081585523502895;00001;LF;1;0,0016904166693620937
977;10,11169310675325;10,113383523422613;00001;LF;1;0,0016904166693620937
978;10,14349010667297;10,145180523342333;00001;LF;1;0,0016904166693620937
979;10,175288106592689;10,17697852326205;00001;LF;1;0,0016904166693620937
980;10,207086106512406;10,208776523181768;00001;LF;1;0,0016904166693620937
981;10,238884106432124;10,240574523101486;00001;LF;1;0,0016904166693620937
982;10,270681106351844;10,272371523021206;00001;LF;1;0,0016904166693620937
983;10,302479106271562;10,304169522940924;00001;LF;1;0,0016904166693620937
984;10,33427710619128;10,335967522860642;00001;LF;1;0,0016904166693620937
985;10,366075106110998;10,36776552278036;00001;LF;1;0,0016904166693620937
986;10,397873106030715;10,399563522700078;00001;LF;1;0,0016904166693620937
987;10,429670105950436;10,431360522619798;00001;LF;1;0,0016904166693620937
988;10,461468105870154;10,463158522539516;00001;LF;1;0,0016904166693620937
989;10,493266105789871;10,494956522459233;00001;LF;1;0,0016904166693620937
990;10,525064105709589;10,526754522378951;00001;LF;1;0,0016904166693620937
991;10,55686110562931;10,558551522298671;00001;LF;1;0,0016904166693620937
992;10,588659105549027;10,59034952221839;00001;LF;1;0,0016904166693620937
993;10,620457105468745;10,622147522138107;00001;LF;1;0,0016904166693620937
994;10,652255105388463;10,653945522057825;00001;LF;1;0,0016904166693620937
995;10,68405310530818;10,685743521977543;00001;LF;1;0,0016904166693620937
996;10,7158501052279;10,717540521897263;00001;LF;1;0,0016904166693620937
997;10,747648105147618;10,74933852181698;00001;LF;1;0,0016904166693620937
998;10,779446105067336;10,781136521736698;00001;LF;1;0,0016904166693620937
999;10,811244104987054;10,812934521656416;00001;LF;1;0,0016904166693620937
1000;10,843042104906772;10,844731521576136;00001;LF;1;0,0016894166693646184
1001;10,874839104826492;10,876529521495854;00001;LF;1;0,0016904166693620937
1002;10,90663710474621;10,908327521415572;00001;LF;1;0,0016904166693620937
1003;10,938435104665928;10,94012552133529;00001;LF;1;0,0016904166693620937
1004;10,970233104585645;10,971923521255007;00001;LF;1;0,0016904166693620937
1005;11,002030104505366;11,003720521174728;00001;LF;1;0,0016904166693620937
1006;11,033828104425083;11,035518521094446;00001;LF;1;0,0016904166693620937
1007;11,065626104344801;11,067316521014163;00001;LF;1;0,0016904166693620937
1008;11,097424104264519;11,099114520933881;00001;LF;1;0,0016904166693620937
1009;11,129222104184237;11,130912520853599;00001;LF;1;0,0016904166693620937
1010;11,161019104103957;11,16270952077332;00001;LF;1;0,0016904166693620937
1011;11,192817104023675;11,194507520693037;00001;LF;1;0,0016904166693620937
1012;11,224615103943393;11,226305520612755;00001;LF;1;0,0016904166693620937
1013;11,25641310386311;11,258103520532472;00001;LF;1;0,0016904166693620937
1014;11,28821010378283;11,289900520452193;00001;LF;1;0,0016904166693620937
1015;11,320008103702548;11,32169852037191;00001;LF;1;0,0016904166693620937
1016;11,351806103622266;11,353496520291628;00001;LF;1;0,0016904166693620937
1017;11,383604103541984;11,385294520211346;00001;LF;1;0,0016904166693620937
1018;11,415402103461702;11,417092520131064;00001;LF;1;0,0016904166693620937
1019;11,447199103381422;11,448889520050784;00001;LF;1;0,0016904166693620937
1020;11,47899710330114;11,480687519970502;00001;LF;1;0,0016904166693620937
1021;11,510795103220858;11,51248551989022;00001;LF;1;0,0016904166693620937
1022;11,542593103140575;11,544283519809937;00001;LF;1;0,0016904166693620937
1023;11,574390103060296;11,576080519729658;00001;LF;1;0,0016904166693620937
1024;11,606188102980013;11,607878519649375;00001;LF;1;0,0016904166693620937
1025;11,637986102899731;11,639676519569093;00001;LF;1;0,0016904166693620937
1026;11,669784102819449;11,671474519488811;00001;LF;1;0,0016904166693620937
1027;11,701582102739167;11,703272519408529;00001;LF;1;0,0016904166693620937
1028;11,733379102658887;11,735069519328249;00001;LF;1;0,0016904166693620937
1029;11,765177102578605;11,766867519247967;00001;LF;1;0,0016904166693620937
1030;11,796975102498322;11,798665519167685;00001;LF;1;0,0016904166693620937
1031;11,82877310241804;11,830463519087402;00001;LF;1;0,0016904166693620937
1032;11,86057010233776;11,862260519007123;00001;LF;1;0,0016904166693620937
1033;11,892368102257478;11,89405851892684;00001;LF;1;0,0016904166693620937
1034;11,924166102177196;11,925856518846558;00001;LF;1;0,0016904166693620937
1035;11,955964102096914;11,957654518766276;00001;LF;1;0,0016904166693620937
1036;11,987762102016632;11,989452518685994;00001;LF;1;0,0016904166693620937
1037;12,019559101936352;12,021249518605714;00001;LF;1;0,0016904166693620937
1038;12,05135710185607;12,053047518525432;00001;LF;1;0,0016904166693620937
1039;12,083155101775787;12,08484551844515;00001;LF;1;0,0016904166693620937
1040;12,114953101695505;12,116643518364867;00001;LF;1;0,0016904166693620937
1041;12,146750101615226;12,148440518284588;00001;LF;1;0,0016904166693620937
1042;12,178548101534943;12,180238518204305;00001;LF;1;0,0016904166693620937
1043;12,210346101454661;12,212036518124023;00001;LF;1;0,0016904166693620937
1044;12,242144101374379;12,243834518043741;00001;LF;1;0,0016904166693620937
1045;12,273942101294097;12,275632517963459;00001;LF;1;0,0016904166693620937
1046;12,305739101213817;12,307429517883179;00001;LF;1;0,0016904166693620937
1047;12,337537101133535;12,339227517802897;00001;LF;1;0,0016904166693620937
1048;12,369335101053252;12,371025517722614;00001;LF;1;0,0016904166693620937
1049;12,40113310097297;12,402823517642332;00001;LF;1;0,0016904166693620937
1050;12,43293010089269;12,434620517562053;00001;LF;1;0,0016904166693620937
1051;12,464728100812408;12,46641851748177;00001;LF;1;0,0016904166693620937
1052;12,496526100732126;12,498216517401488;00001;LF;1;0,0016904166693620937
1053;12,528324100651844;12,530014517321206;00001;LF;1;0,0016904166693620937
1054;12,560122100571562;12,561812517240924;00001;LF;1;0,0016904166693620937
1055;12,591919100491282;12,593609517160644;00001;LF;1;0,0016904166693620937
1056;12,623717100411;12,625407517080362;00001;LF;1;0,0016904166693620937
1057;12,655515100330717;12,65720551700008;00001;LF;1;0,0016904166693620937
1058;12,687313100250435;12,689003516919797;00001;LF;1;0,0016904166693620937
1059;12,719111100170153;12,720801516839515;00001;LF;1;0,0016904166693620937
1060;12,750908100089873;12,752598516759235;00001;LF;1;0,0016904166693620937
1061;12,782706100009591;12,784396516678953;00001;LF;1;0,0016904166693620937
1062;12,814504099929309;12,81619451659867;00001;LF;1;0,0016904166693620937
1063;12,846302099849026;12,847992516518389;00001;LF;1;0,0016904166693620937
1064;12,878099099768747;12,879789516438109;00001;LF;1;0,0016904166693620937
1065;12,909897099688465;12,911587516357827;00001;LF;1;0,0016904166693620937
1066;12,941695099608182;12,943385516277544;00001;LF;1;0,0016904166693620937
1067;12,9734930995279;12,975183516197262;00001;LF;1;0,0016904166693620937
1068;13,005291099447618;13,00698151611698;00001;LF;1;0,0016904166693620937
1069;13,037088099367338;13,0387785160367;00001;LF;1;0,0016904166693620937
1070;13,068886099287056;13,070576515956418;00001;LF;1;0,0016904166693620937
1071;13,100684099206774;13,102374515876136;00001;LF;1;0,0016904166693620937
1072;13,132482099126491;13,134172515795854;00001;LF;1;0,0016904166693620937
1073;13,164279099046212;13,165969515715574;00001;LF;1;0,0016904166693620937
1074;13,19607709896593;13,197767515635292;00001;LF;1;0,0016904166693620937
1075;13,227875098885647;13,22956551555501;00001;LF;1;0,0016904166693620937
1076;13,259673098805365;13,261363515474727;00001;LF;1;0,0016904166693620937
1077;13,291471098725083;13,293161515394445;00001;LF;1;0,0016904166693620937
1078;13,323268098644803;13,324958515314165;00001;LF;1;0,0016904166693620937
1079;13,35506609856452;13,356756515233883;00001;LF;1;0,0016904166693620937
1080;13,386864098484239;13,3885545151536;00001;LF;1;0,0016904166693620937
1081;13,418662098403956;13,420352515073319;00001;LF;1;0,0016904166693620937
1082;13,450459098323677;13,452149514993039;00001;LF;1;0,0016904166693620937
1083;13,482257098243394;13,483947514912757;00001;LF;1;0,0016904166693620937
1084;13,514055098163112;13,515745514832474;00001;LF;1;0,0016904166693620937
1085;13,54585309808283;13,547543514752192;00001;LF;1;0,0016904166693620937
1086;13,577651098002548;13,57934151467191;00001;LF;1;0,0016904166693620937
1087;13,609448097922268;13,61113851459163;00001;LF;1;0,0016904166693620937
1088;13,641246097841986;13,642936514511348;00001;LF;1;0,0016904166693620937
1089;13,673044097761704;13,674734514431066;00001;LF;1;0,0016904166693620937
1090;13,704842097681421;13,706532514350783;00001;LF;1;0,0016904166693620937
1091;13,736639097601142;13,738329514270504;00001;LF;1;0,0016904166693620937
1092;13,76843709752086;13,770127514190222;00001;LF;1;0,0016904166693620937
1093;13,800235097440577;13,80192551410994;00001;LF;1;0,0016904166693620937
1094;13,832033097360295;13,833723514029657;00001;LF;1;0,0016904166693620937
1095;13,863831097280013;13,865521513949375;00001;LF;1;0,0016904166693620937
1096;13,895628097199733;13,897318513869095;00001;LF;1;0,0016904166693620937
1097;13,92742609711945;13,929116513788813;00001;LF;1;0,0016904166693620937
1098;13,959224097039169;13,96091451370853;00001;LF;1;0,0016904166693620937
1099;13,991022096958886;13,992712513628248;00001;LF;1;0,0016904166693620937
1100;14,022819096878607;14,024509513547969;00001;LF;1;0,0016904166693620937
1101;14,054617096798324;14,056307513467686;00001;LF;1;0,0016904166693620937
1102;14,086415096718042;14,088105513387404;00001;LF;1;0,0016904166693620937
1103;14,11821309663776;14,119903513307122;00001;LF;1;0,0016904166693620937
1104;14,150011096557478;14,15170151322684;00001;LF;1;0,0016904166693620937
1105;14,181808096477198;14,18349851314656;00001;LF;1;0,0016904166693620937
1106;14,213606096396916;14,215296513066278;00001;LF;1;0,0016904166693620937
1107;14,245404096316634;14,247094512985996;00001;LF;1;0,0016904166693620937
1108;14,277202096236351;14,278892512905713;00001;LF;1;0,0016904166693620937
1109;14,309000096156069;14,310689512825434;00001;LF;1;0,0016894166693646184
1110;14,34079709607579;14,342487512745151;00001;LF;1;0,0016904166693620937
1111;14,372595095995507;14,37428551266487;00001;LF;1;0,0016904166693620937
1112;14,404393095915225;14,406083512584587;00001;LF;1;0,0016904166693620937
1113;14,436191095834943;14,437881512504305;00001;LF;1;0,0016904166693620937
1114;14,467988095754663;14,469678512424025;00001;LF;1;0,0016904166693620937
1115;14,49978609567438;14,501476512343743;00001;LF;1;0,0016904166693620937
1116;14,531584095594098;14,53327451226346;00001;LF;1;0,0016904166693620937
1117;14,563382095513816;14,565072512183178;00001;LF;1;0,0016904166693620937
1118;14,595180095433534;14,596870512102896;00001;LF;1;0,0016904166693620937
1119;14,626977095353254;14,628667512022616;00001;LF;1;0,0016904166693620937
1120;14,658775095272972;14,660465511942334;00001;LF;1;0,0016904166693620937
1121;14,69057309519269;14,692263511862052;00001;LF;1;0,0016904166693620937
1122;14,722371095112408;14,72406151178177;00001;LF;1;0,0016904166693620937
1123;14,754168095032128;14,75585851170149;00001;LF;1;0,0016904166693620937
1124;14,785966094951846;14,787656511621208;00001;LF;1;0,0016904166693620937
1125;14,817764094871563;14,819454511540926;00001;LF;1;0,0016904166693620937
1126;14,849562094791281;14,851252511460643;00001;LF;1;0,0016904166693620937
1127;14,881360094710999;14,883050511380361;00001;LF;1;0,0016904166693620937
1128;14,91315709463072;14,914847511300081;00001;LF;1;0,0016904166693620937
1129;14,944955094550437;14,9466455112198;00001;LF;1;0,0016904166693620937
1130;14,976753094470155;14,978443511139517;00001;LF;1;0,0016904166693620937
1131;15,008551094389873;15,010241511059235;00001;LF;1;0,0016904166693620937
1132;15,040348094309593;15,042038510978955;00001;LF;1;0,0016904166693620937
1133;15,07214609422931;15,073836510898673;00001;LF;1;0,0016904166693620937
1134;15,103944094149028;15,10563451081839;00001;LF;1;0,0016904166693620937
1135;15,135742094068746;15,137432510738108;00001;LF;1;0,0016904166693620937
1136;15,167540093988464;15,169230510657826;00001;LF;1;0,0016904166693620937
1137;15,199337093908184;15,201027510577546;00001;LF;1;0,0016904166693620937
1138;15,231135093827902;15,232825510497264;00001;LF;1;0,0016904166693620937
1139;15,26293309374762;15,264623510416982;00001;LF;1;0,0016904166693620937
1140;15,294731093667338;15,2964215103367;00001;LF;1;0,0016904166693620937
1141;15,326528093587058;15,32821851025642;00001;LF;1;0,0016904166693620937
1142;15,358326093506776;15,360016510176138;00001;LF;1;0,0016904166693620937
1143;15,390124093426493;15,391814510095855;00001;LF;1;0,0016904166693620937
1144;15,421922093346211;15,423612510015573;00001;LF;1;0,0016904166693620937
1145;15,453720093265929;15,455410509935291;00001;LF;1;0,0016904166693620937
1146;15,48551709318565;15,487207509855011;00001;LF;1;0,0016904166693620937
1147;15,517315093105367;15,519005509774729;00001;LF;1;0,0016904166693620937
1148;15,549113093025085;15,550803509694447;00001;LF;1;0,0016904166693620937
1149;15,580911092944802;15,582601509614165;00001;LF;1;0,0016904166693620937
1150;15,612708092864523;15,614398509533885;00001;LF;1;0,0016904166693620937
1151;15,64450609278424;15,646196509453603;00001;LF;1;0,0016904166693620937
1152;15,676304092703958;15,67799450937332;00001;LF;1;0,0016904166693620937
1153;15,708102092623676;15,709792509293038;00001;LF;1;0,0016904166693620937
1154;15,739900092543394;15,741590509212756;00001;LF;1;0,0016904166693620937
1155;15,771697092463114;15,773387509132476;00001;LF;1;0,0016904166693620937
1156;15,803495092382832;15,805185509052194;00001;LF;1;0,0016904166693620937
1157;15,83529309230255;15,836983508971912;00001;LF;1;0,0016904166693620937
1158;15,867091092222267;15,86878150889163;00001;LF;1;0,0016904166693620937
1159;15,898888092141988;15,90057850881135;00001;LF;1;0,0016904166693620937
1160;15,930686092061705;15,932376508731068;00001;LF;1;0,0016904166693620937
1161;15,962484091981423;15,964174508650785;00001;LF;1;0,0016904166693620937
1162;15,994282091901141;15,995972508570503;00001;LF;1;0,0016904166693620937
1163;16,02608009182086;16,02777050849022;00001;LF;1;0,0016904166693620937
1164;16,05787709174058;16,05956750840994;00001;LF;1;0,0016904166693620937
1165;16,089675091660297;16,09136550832966;00001;LF;1;0,0016904166693620937
1166;16,121473091580015;16,123163508249377;00001;LF;1;0,0016904166693620937
1167;16,153271091499732;16,154961508169094;00001;LF;1;0,0016904166693620937
1168;16,18506909141945;16,186758508088815;00001;LF;1;0,0016894166693646184
1169;16,21686609133917;16,218556508008533;00001;LF;1;0,0016904166693620937
1170;16,248664091258888;16,25035450792825;00001;LF;1;0,0016904166693620937
1171;16,280462091178606;16,282152507847968;00001;LF;1;0,0016904166693620937
1172;16,312260091098324;16,313950507767686;00001;LF;1;0,0016904166693620937
1173;16,344057091018044;16,345747507687406;00001;LF;1;0,0016904166693620937
1174;16,375855090937762;16,377545507607124;00001;LF;1;0,0016904166693620937
1175;16,40765309085748;16,40934350752684;00001;LF;1;0,0016904166693620937
1176;16,439451090777197;16,44114150744656;00001;LF;1;0,0016904166693620937
1177;16,471249090696915;16,472939507366277;00001;LF;1;0,0016904166693620937
1178;16,503046090616635;16,504736507285998;00001;LF;1;0,0016904166693620937
1179;16,534844090536353;16,536534507205715;00001;LF;1;0,0016904166693620937
1180;16,56664209045607;16,568332507125433;00001;LF;1;0,0016904166693620937
1181;16,59844009037579;16,60013050704515;00001;LF;1;0,0016904166693620937
1182;16,63023709029551;16,63192750696487;00001;LF;1;0,0016904166693620937
1183;16,662035090215227;16,66372550688459;00001;LF;1;0,0016904166693620937
1184;16,693833090134945;16,695523506804307;00001;LF;1;0,0016904166693620937
1185;16,725631090054662;16,727321506724024;00001;LF;1;0,0016904166693620937
1186;16,75742908997438;16,759119506643742;00001;LF;1;0,0016904166693620937
1187;16,7892260898941;16,790916506563462;00001;LF;1;0,0016904166693620937
1188;16,821024089813818;16,82271450648318;00001;LF;1;0,0016904166693620937
1189;16,852822089733536;16,854512506402898;00001;LF;1;0,0016904166693620937
1190;16,884620089653254;16,886310506322616;00001;LF;1;0,0016904166693620937
1191;16,916417089572974;16,918107506242336;00001;LF;1;0,0016904166693620937
1192;16,94821508949269;16,949905506162054;00001;LF;1;0,0016904166693620937
1193;16,98001308941241;16,98170350608177;00001;LF;1;0,0016904166693620937
1194;17,011811089332127;17,01350150600149;00001;LF;1;0,0016904166693620937
1195;17,043609089251845;17,045299505921207;00001;LF;1;0,0016904166693620937
1196;17,075406089171565;17,077096505840927;00001;LF;1;0,0016904166693620937
1197;17,107204089091283;17,108894505760645;00001;LF;1;0,0016904166693620937
1198;17,139002089011;17,140692505680363;00001;LF;1;0,0016904166693620937
1199;17,17080008893072;17,17249050560008;00001;LF;1;0,0016904166693620937
1200;17,20259708885044;17,2042875055198;00001;LF;1;0,0016904166693620937
1201;17,234395088770157;17,23608550543952;00001;LF;1;0,0016904166693620937
1202;17,266193088689874;17,267883505359237;00001;LF;1;0,0016904166693620937
1203;17,297991088609592;17,299681505278954;00001;LF;1;0,0016904166693620937
1204;17,32978908852931;17,331479505198672;00001;LF;1;0,0016904166693620937
1205;17,36158608844903;17,363276505118392;00001;LF;1;0,0016904166693620937
1206;17,393384088368748;17,39507450503811;00001;LF;1;0,0016904166693620937
1207;17,425182088288466;17,426872504957828;00001;LF;1;0,0016904166693620937
1208;17,456980088208184;17,458670504877546;00001;LF;1;0,0016904166693620937
1209;17,488777088127904;17,490467504797266;00001;LF;1;0,0016904166693620937
1210;17,52057508804762;17,522265504716984;00001;LF;1;0,0016904166693620937
1211;17,55237308796734;17,5540635046367;00001;LF;1;0,0016904166693620937
1212;17,584171087887057;17,58586150455642;00001;LF;1;0,0016904166693620937
1213;17,615969087806775;17,617659504476137;00001;LF;1;0,0016904166693620937
1214;17,647766087726495;17,649456504395857;00001;LF;1;0,0016904166693620937
1215;17,679564087646213;17,681254504315575;00001;LF;1;0,0016904166693620937
1216;17,71136208756593;17,713052504235293;00001;LF;1;0,0016904166693620937
1217;17,74316008748565;17,74485050415501;00001;LF;1;0,0016904166693620937
1218;17,77495708740537;17,77664750407473;00001;LF;1;0,0016904166693620937
1219;17,806755087325087;17,80844550399445;00001;LF;1;0,0016904166693620937
1220;17,838553087244804;17,840243503914166;00001;LF;1;0,0016904166693620937
1221;17,870351087164522;17,872041503833884;00001;LF;1;0,0016904166693620937
1222;17,90214908708424;17,903839503753602;00001;LF;1;0,0016904166693620937
1223;17,93394608700396;17,935636503673322;00001;LF;1;0,0016904166693620937
1224;17,965744086923678;17,96743450359304;00001;LF;1;0,0016904166693620937
1225;17,997542086843396;17,999232503512758;00001;LF;1;0,0016904166693620937
1226;18,029340086763114;18,031030503432476;00001;LF;1;0,0016904166693620937
1227;18,06113808668283;18,062827503352196;00001;LF;1;0,0016894166693646184
1228;18,09293508660255;18,094625503271914;00001;LF;1;0,0016904166693620937
1229;18,12473308652227;18,12642350319163;00001;LF;1;0,0016904166693620937
1230;18,156531086441987;18,15822150311135;00001;LF;1;0,0016904166693620937
1231;18,188329086361705;18,190019503031067;00001;LF;1;0,0016904166693620937
1232;18,220126086281425;18,221816502950787;00001;LF;1;0,0016904166693620937
1233;18,251924086201143;18,253614502870505;00001;LF;1;0,0016904166693620937
1234;18,28372208612086;18,285412502790223;00001;LF;1;0,0016904166693620937
1235;18,31552008604058;18,31721050270994;00001;LF;1;0,0016904166693620937
1236;18,347318085960296;18,34900850262966;00001;LF;1;0,0016904166693620937
1237;18,379115085880017;18,38080550254938;00001;LF;1;0,0016904166693620937
1238;18,410913085799734;18,412603502469096;00001;LF;1;0,0016904166693620937
1239;18,442711085719452;18,444401502388814;00001;LF;1;0,0016904166693620937
1240;18,47450908563917;18,476199502308532;00001;LF;1;0,0016904166693620937
1241;18,50630608555889;18,507996502228252;00001;LF;1;0,0016904166693620937
1242;18,538104085478608;18,53979450214797;00001;LF;1;0,0016904166693620937
1243;18,569902085398326;18,571592502067688;00001;LF;1;0,0016904166693620937
1244;18,601700085318043;18,603390501987406;00001;LF;1;0,0016904166693620937
1245;18,63349808523776;18,635188501907123;00001;LF;1;0,0016904166693620937
1246;18,66529508515748;18,666985501826844;00001;LF;1;0,0016904166693620937
1247;18,6970930850772;18,69878350174656;00001;LF;1;0,0016904166693620937
1248;18,728891084996917;18,73058150166628;00001;LF;1;0,0016904166693620937
1249;18,760689084916635;18,762379501585997;00001;LF;1;0,0016904166693620937
1250;18,792486084836355;18,794176501505717;00001;LF;1;0,0016904166693620937
1251;18,824284084756073;18,825974501425435;00001;LF;1;0,0016904166693620937
1252;18,85608208467579;18,857772501345153;00001;LF;1;0,0016904166693620937
1253;18,88788008459551;18,88957050126487;00001;LF;1;0,0016904166693620937
1254;18,919678084515226;18,92136850118459;00001;LF;1;0,0016904166693620937
1255;18,951475084434946;18,95316550110431;00001;LF;1;0,0016904166693620937
1256;18,983273084354664;18,984963501024026;00001;LF;1;0,0016904166693620937
1257;19,015071084274382;19,016761500943744;00001;LF;1;0,0016904166693620937
1258;19,0468690841941;19,048559500863462;00001;LF;1;0,0016904166693620937
1259;19,07866608411382;19,080356500783182;00001;LF;1;0,0016904166693620937
1260;19,110464084033538;19,1121545007029;00001;LF;1;0,0016904166693620937
1261;19,142262083953256;19,143952500622618;00001;LF;1;0,0016904166693620937
1262;19,174060083872973;19,175750500542335;00001;LF;1;0,0016904166693620937
1263;19,20585808379269;19,207548500462053;00001;LF;1;0,0016904166693620937
1264;19,23765508371241;19,239345500381773;00001;LF;1;0,0016904166693620937
1265;19,26945308363213;19,27114350030149;00001;LF;1;0,0016904166693620937
1266;19,301251083551847;19,30294150022121;00001;LF;1;0,0016904166693620937
1267;19,333049083471565;19,334739500140927;00001;LF;1;0,0016904166693620937
1268;19,364846083391285;19,366536500060647;00001;LF;1;0,0016904166693620937
1269;19,396644083311003;19,398334499980365;00001;LF;1;0,0016904166693620937
1270;19,42844208323072;19,430132499900083;00001;LF;1;0,0016904166693620937
1271;19,46024008315044;19,4619304998198;00001;LF;1;0,0016904166693620937
1272;19,492038083070156;19,493728499739518;00001;LF;1;0,0016904166693620937
1273;19,523835082989876;19,52552549965924;00001;LF;1;0,0016904166693620937
1274;19,555633082909594;19,557323499578956;00001;LF;1;0,0016904166693620937
1275;19,587431082829312;19,589121499498674;00001;LF;1;0,0016904166693620937
1276;19,61922908274903;19,62091949941839;00001;LF;1;0,0016904166693620937
1277;19,65102608266875;19,652716499338112;00001;LF;1;0,0016904166693620937
1278;19,682824082588468;19,68451449925783;00001;LF;1;0,0016904166693620937
1279;19,714622082508185;19,716312499177548;00001;LF;1;0,0016904166693620937
1280;19,746420082427903;19,748110499097265;00001;LF;1;0,0016904166693620937
1281;19,77821808234762;19,779908499016983;00001;LF;1;0,0016904166693620937
1282;19,81001508226734;19,811705498936703;00001;LF;1;0,0016904166693620937
1283;19,84181308218706;19,84350349885642;00001;LF;1;0,0016904166693620937
1284;19,873611082106777;19,87530149877614;00001;LF;1;0,0016904166693620937
1285;19,905409082026495;19,907099498695857;00001;LF;1;0,0016904166693620937
1286;19,937206081946215;19,938896498615577;00001;LF;1;0,0016904166693620937
1287;19,969004081865933;19,970694498535295;00001;LF;1;0,0016904166693620937
1288;20,00080208178565;20,002492498455013;00001;LF;1;0,0016904166693620937
1289;20,032600081705368;20,03429049837473;00001;LF;1;0,0016904166693620937
1290;20,064398081625086;20,066088498294448;00001;LF;1;0,0016904166693620937
1291;20,096195081544806;20,09788549821417;00001;LF;1;0,0016904166693620937
1292;20,127993081464524;20,129683498133886;00001;LF;1;0,0016904166693620937
1293;20,159791081384242;20,161481498053604;00001;LF;1;0,0016904166693620937
1294;20,19158908130396;20,19327949797332;00001;LF;1;0,0016904166693620937
1295;20,223387081223677;20,225076497893042;00001;LF;1;0,0016894166693646184
1296;20,255184081143398;20,25687449781276;00001;LF;1;0,0016904166693620937
1297;20,286982081063115;20,288672497732477;00001;LF;1;0,0016904166693620937
1298;20,318780080982833;20,320470497652195;00001;LF;1;0,0016904166693620937
1299;20,35057808090255;20,352268497571913;00001;LF;1;0,0016904166693620937
1300;20,38237508082227;20,384065497491633;00001;LF;1;0,0016904166693620937
1301;20,41417308074199;20,41586349741135;00001;LF;1;0,0016904166693620937
1302;20,445971080661707;20,44766149733107;00001;LF;1;0,0016904166693620937
1303;20,477769080581425;20,479459497250787;00001;LF;1;0,0016904166693620937
1304;20,509567080501142;20,511257497170504;00001;LF;1;0,0016904166693620937
1305;20,541364080420863;20,543054497090225;00001;LF;1;0,0016904166693620937
1306;20,57316208034058;20,574852497009942;00001;LF;1;0,0016904166693620937
1307;20,604960080260298;20,60665049692966;00001;LF;1;0,0016904166693620937
1308;20,636758080180016;20,638448496849378;00001;LF;1;0,0016904166693620937
1309;20,668555080099736;20,6702454967691;00001;LF;1;0,0016904166693620937
1310;20,700353080019454;20,702043496688816;00001;LF;1;0,0016904166693620937
1311;20,73215107993917;20,733841496608534;00001;LF;1;0,0016904166693620937
1312;20,76394907985889;20,76563949652825;00001;LF;1;0,0016904166693620937
1313;20,795747079778607;20,79743749644797;00001;LF;1;0,0016904166693620937
1314;20,827544079698328;20,82923449636769;00001;LF;1;0,0016904166693620937
1315;20,859342079618045;20,861032496287407;00001;LF;1;0,0016904166693620937
1316;20,891140079537763;20,892830496207125;00001;LF;1;0,0016904166693620937
1317;20,92293807945748;20,924628496126843;00001;LF;1;0,0016904166693620937
1318;20,9547350793772;20,956425496046563;00001;LF;1;0,0016904166693620937
1319;20,98653307929692;20,98822349596628;00001;LF;1;0,0016904166693620937
1320;21,018331079216637;21,020021495886;00001;LF;1;0,0016904166693620937
1321;21,050129079136354;21,051819495805717;00001;LF;1;0,0016904166693620937
1322;21,081927079056072;21,083617495725434;00001;LF;1;0,0016904166693620937
1323;21,113724078975793;21,115414495645155;00001;LF;1;0,0016904166693620937
1324;21,14552207889551;21,147212495564872;00001;LF;1;0,0016904166693620937
1325;21,177320078815228;21,17901049548459;00001;LF;1;0,0016904166693620937
1326;21,209118078734946;21,210808495404308;00001;LF;1;0,0016904166693620937
1327;21,240915078654666;21,242605495324028;00001;LF;1;0,0016904166693620937
1328;21,272713078574384;21,274403495243746;00001;LF;1;0,0016904166693620937
1329;21,3045110784941;21,306201495163464;00001;LF;1;0,0016904166693620937
1330;21,33630907841382;21,33799949508318;00001;LF;1;0,0016904166693620937
1331;21,368107078333537;21,3697974950029;00001;LF;1;0,0016904166693620937
1332;21,399904078253257;21,40159449492262;00001;LF;1;0,0016904166693620937
1333;21,431702078172975;21,433392494842337;00001;LF;1;0,0016904166693620937
1334;21,463500078092693;21,465190494762055;00001;LF;1;0,0016904166693620937
1335;21,49529807801241;21,496988494681773;00001;LF;1;0,0016904166693620937
1336;21,52709507793213;21,528785494601493;00001;LF;1;0,0016904166693620937
1337;21,55889307785185;21,56058349452121;00001;LF;1;0,0016904166693620937
1338;21,590691077771567;21,59238149444093;00001;LF;1;0,0016904166693620937
1339;21,622489077691284;21,624179494360646;00001;LF;1;0,0016904166693620937
1340;21,654287077611002;21,655977494280364;00001;LF;1;0,0016904166693620937
1341;21,686084077530722;21,687774494200085;00001;LF;1;0,0016904166693620937
1342;21,71788207745044;21,719572494119802;00001;LF;1;0,0016904166693620937
1343;21,749680077370158;21,75137049403952;00001;LF;1;0,0016904166693620937
1344;21,781478077289876;21,783168493959238;00001;LF;1;0,0016904166693620937
1345;21,813275077209596;21,814965493878958;00001;LF;1;0,0016904166693620937
1346;21,845073077129314;21,846763493798676;00001;LF;1;0,0016904166693620937
1347;21,87687107704903;21,878561493718394;00001;LF;1;0,0016904166693620937
1348;21,90866907696875;21,91035949363811;00001;LF;1;0,0016904166693620937
1349;21,940467076888467;21,94215749355783;00001;LF;1;0,0016904166693620937
1350;21,972264076808187;21,97395449347755;00001;LF;1;0,0016904166693620937
1351;22,004062076727905;22,005752493397267;00001;LF;1;0,0016904166693620937
1352;22,035860076647623;22,037550493316985;00001;LF;1;0,0016904166693620937
1353;22,06765807656734;22,069348493236703;00001;LF;1;0,0016904166693620937
1354;22,09945507648706;22,101145493156423;00001;LF;1;0,0016904166693620937
1355;22,13125307640678;22,13294349307614;00001;LF;1;0,0016904166693620937
1356;22,163051076326497;22,16474149299586;00001;LF;1;0,0016904166693620937
1357;22,194849076246214;22,196539492915576;00001;LF;1;0,0016904166693620937
1358;22,226647076165932;22,228337492835294;00001;LF;1;0,0016904166693620937
1359;22,258444076085652;22,260134492755014;00001;LF;1;0,0016904166693620937
1360;22,29024207600537;22,291932492674732;00001;LF;1;0,0016904166693620937
1361;22,322040075925088;22,32373049259445;00001;LF;1;0,0016904166693620937
1362;22,353838075844806;22,355528492514168;00001;LF;1;0,0016904166693620937
1363;22,385636075764523;22,387325492433888;00001;LF;1;0,0016894166693646184
1364;22,417433075684244;22,419123492353606;00001;LF;1;0,0016904166693620937
1365;22,44923107560396;22,450921492273324;00001;LF;1;0,0016904166693620937
1366;22,48102907552368;22,48271949219304;00001;LF;1;0,0016904166693620937
1367;22,512827075443397;22,51451749211276;00001;LF;1;0,0016904166693620937
1368;22,544624075363117;22,54631449203248;00001;LF;1;0,0016904166693620937
1369;22,576422075282835;22,578112491952197;00001;LF;1;0,0016904166693620937
1370;22,608220075202553;22,609910491871915;00001;LF;1;0,0016904166693620937
1371;22,64001807512227;22,641708491791633;00001;LF;1;0,0016904166693620937
1372;22,67181607504199;22,67350649171135;00001;LF;1;0,0016904166693620937
1373;22,70361307496171;22,70530349163107;00001;LF;1;0,0016904166693620937
1374;22,735411074881426;22,73710149155079;00001;LF;1;0,0016904166693620937
1375;22,767209074801144;22,768899491470506;00001;LF;1;0,0016904166693620937
1376;22,799007074720862;22,800697491390224;00001;LF;1;0,0016904166693620937
1377;22,830804074640582;22,832494491309944;00001;LF;1;0,0016904166693620937
1378;22,8626020745603;22,864292491229662;00001;LF;1;0,0016904166693620937
1379;22,894400074480018;22,89609049114938;00001;LF;1;0,0016904166693620937
1380;22,926198074399736;22,927888491069098;00001;LF;1;0,0016904166693620937
1381;22,957996074319453;22,959686490988815;00001;LF;1;0,0016904166693620937
1382;22,989793074239174;22,991483490908536;00001;LF;1;0,0016904166693620937
1383;23,02159107415889;23,023281490828253;00001;LF;1;0,0016904166693620937
1384;23,05338907407861;23,05507949074797;00001;LF;1;0,0016904166693620937
1385;23,085187073998327;23,08687749066769;00001;LF;1;0,0016904166693620937
1386;23,116984073918047;23,11867449058741;00001;LF;1;0,0016904166693620937
1387;23,148782073837765;23,150472490507127;00001;LF;1;0,0016904166693620937
1388;23,180580073757483;23,182270490426845;00001;LF;1;0,0016904166693620937
1389;23,2123780736772;23,214068490346563;00001;LF;1;0,0016904166693620937
1390;23,24417607359692;23,24586649026628;00001;LF;1;0,0016904166693620937
1391;23,27597307351664;23,277663490186;00001;LF;1;0,0016904166693620937
1392;23,307771073436356;23,30946149010572;00001;LF;1;0,0016904166693620937
1393;23,339569073356074;23,341259490025436;00001;LF;1;0,0016904166693620937
1394;23,371367073275792;23,373057489945154;00001;LF;1;0,0016904166693620937
1395;23,403164073195512;23,404854489864874;00001;LF;1;0,0016904166693620937
1396;23,43496207311523;23,436652489784592;00001;LF;1;0,0016904166693620937
1397;23,466760073034948;23,46845048970431;00001;LF;1;0,0016904166693620937
1398;23,498558072954665;23,500248489624028;00001;LF;1;0,0016904166693620937
1399;23,530356072874383;23,532046489543745;00001;LF;1;0,0016904166693620937
1400;23,562153072794104;23,563843489463466;00001;LF;1;0,0016904166693620937
1401;23,59395107271382;23,595641489383183;00001;LF;1;0,0016904166693620937
1402;23,62574907263354;23,6274394893029;00001;LF;1;0,0016904166693620937
1403;23,657547072553257;23,65923748922262;00001;LF;1;0,0016904166693620937
1404;23,689344072472977;23,69103448914234;00001;LF;1;0,0016904166693620937
1405;23,721142072392695;23,722832489062057;00001;LF;1;0,0016904166693620937
1406;23,752940072312413;23,754630488981775;00001;LF;1;0,0016904166693620937
1407;23,78473807223213;23,786428488901493;00001;LF;1;0,0016904166693620937
1408;23,816536072151848;23,81822648882121;00001;LF;1;0,0016904166693620937
1409;23,84833307207157;23,85002348874093;00001;LF;1;0,0016904166693620937
1410;23,880131071991286;23,88182148866065;00001;LF;1;0,0016904166693620937
1411;23,911929071911004;23,913619488580366;00001;LF;1;0,0016904166693620937
1412;23,943727071830722;23,945417488500084;00001;LF;1;0,0016904166693620937
1413;23,975524071750442;23,977214488419804;00001;LF;1;0,0016904166693620937
1414;24,00732207167016;24,009012488339522;00001;LF;1;0,0016904166693620937
1415;24,039120071589878;24,04081048825924;00001;LF;1;0,0016904166693620937
1416;24,070918071509595;24,072608488178957;00001;LF;1;0,0016904166693620937
1417;24,102716071429313;24,104406488098675;00001;LF;1;0,0016904166693620937
1418;24,134513071349033;24,136203488018396;00001;LF;1;0,0016904166693620937
1419;24,16631107126875;24,168001487938113;00001;LF;1;0,0016904166693620937
1420;24,19810907118847;24,19979948785783;00001;LF;1;0,0016904166693620937
1421;24,229907071108187;24,23159748777755;00001;LF;1;0,0016904166693620937
1422;24,261704071027907;24,26339448769727;00001;LF;1;0,0016904166693620937
1423;24,293502070947625;24,295192487616987;00001;LF;1;0,0016904166693620937
1424;24,325300070867343;24,326990487536705;00001;LF;1;0,0016904166693620937
1425;24,35709807078706;24,358788487456422;00001;LF;1;0,0016904166693620937
1426;24,388896070706778;24,39058648737614;00001;LF;1;0,0016904166693620937
1427;24,4206930706265;24,42238348729586;00001;LF;1;0,0016904166693620937
1428;24,452491070546216;24,45418148721558;00001;LF;1;0,0016904166693620937
1429;24,484289070465934;24,485979487135296;00001;LF;1;0,0016904166693620937
1430;24,51608707038565;24,517777487055014;00001;LF;1;0,0016904166693620937
1431;24,54788507030537;24,549574486974734;00001;LF;1;0,0016894166693646184
1432;24,57968207022509;24,581372486894452;00001;LF;1;0,0016904166693620937
1433;24,611480070144808;24,61317048681417;00001;LF;1;0,0016904166693620937
1434;24,643278070064525;24,644968486733887;00001;LF;1;0,0016904166693620937
1435;24,675076069984243;24,676766486653605;00001;LF;1;0,0016904166693620937
1436;24,706873069903963;24,708563486573325;00001;LF;1;0,0016904166693620937
1437;24,73867106982368;24,740361486493043;00001;LF;1;0,0016904166693620937
1438;24,7704690697434;24,77215948641276;00001;LF;1;0,0016904166693620937
1439;24,802267069663117;24,80395748633248;00001;LF;1;0,0016904166693620937
1440;24,834065069582834;24,835755486252197;00001;LF;1;0,0016904166693620937
1441;24,865862069502555;24,867552486171917;00001;LF;1;0,0016904166693620937
1442;24,897660069422272;24,899350486091635;00001;LF;1;0,0016904166693620937
1443;24,92945806934199;24,931148486011352;00001;LF;1;0,0016904166693620937
1444;24,961256069261708;24,96294648593107;00001;LF;1;0,0016904166693620937
1445;24,99305306918143;24,99474348585079;00001;LF;1;0,0016904166693620937
1446;25,024851069101146;25,026541485770508;00001;LF;1;0,0016904166693620937
1447;25,056649069020864;25,058339485690226;00001;LF;1;0,0016904166693620937
1448;25,08844706894058;25,090137485609944;00001;LF;1;0,0016904166693620937
1449;25,1202450688603;25,12193548552966;00001;LF;1;0,0016904166693620937
1450;25,15204206878002;25,153732485449382;00001;LF;1;0,0016904166693620937
1451;25,183840068699737;25,1855304853691;00001;LF;1;0,0016904166693620937
1452;25,215638068619455;25,217328485288817;00001;LF;1;0,0016904166693620937
1453;25,247436068539173;25,249126485208535;00001;LF;1;0,0016904166693620937
1454;25,279233068458893;25,280923485128255;00001;LF;1;0,0016904166693620937
1455;25,31103106837861;25,312721485047973;00001;LF;1;0,0016904166693620937
1456;25,34282906829833;25,34451948496769;00001;LF;1;0,0016904166693620937
1457;25,374627068218047;25,37631748488741;00001;LF;1;0,0016904166693620937
1458;25,406425068137764;25,408115484807126;00001;LF;1;0,0016904166693620937
1459;25,438222068057485;25,439912484726847;00001;LF;1;0,0016904166693620937
1460;25,470020067977202;25,471710484646565;00001;LF;1;0,0016904166693620937
1461;25,50181806789692;25,503508484566282;00001;LF;1;0,0016904166693620937
1462;25,533616067816638;25,535306484486;00001;LF;1;0,0016904166693620937
1463;25,56541306773636;25,56710348440572;00001;LF;1;0,0016904166693620937
1464;25,597211067656076;25,598901484325438;00001;LF;1;0,0016904166693620937
1465;25,629009067575794;25,630699484245156;00001;LF;1;0,0016904166693620937
1466;25,66080706749551;25,662497484164874;00001;LF;1;0,0016904166693620937
1467;25,69260506741523;25,69429548408459;00001;LF;1;0,0016904166693620937
1468;25,72440206733495;25,72609248400431;00001;LF;1;0,0016904166693620937
1469;25,756200067254667;25,75789048392403;00001;LF;1;0,0016904166693620937
1470;25,787998067174385;25,789688483843747;00001;LF;1;0,0016904166693620937
1471;25,819796067094103;25,821486483763465;00001;LF;1;0,0016904166693620937
1472;25,851593067013823;25,853283483683185;00001;LF;1;0,0016904166693620937
1473;25,88339106693354;25,885081483602903;00001;LF;1;0,0016904166693620937
1474;25,91518906685326;25,91687948352262;00001;LF;1;0,0016904166693620937
1475;25,946987066772977;25,94867748344234;00001;LF;1;0,0016904166693620937
1476;25,978785066692694;25,980475483362056;00001;LF;1;0,0016904166693620937
1477;26,010582066612415;26,012272483281777;00001;LF;1;0,0016904166693620937
1478;26,042380066532132;26,044070483201494;00001;LF;1;0,0016904166693620937
1479;26,07417806645185;26,075868483121212;00001;LF;1;0,0016904166693620937
1480;26,105976066371568;26,10766648304093;00001;LF;1;0,0016904166693620937
1481;26,137773066291288;26,13946348296065;00001;LF;1;0,0016904166693620937
1482;26,169571066211006;26,171261482880368;00001;LF;1;0,0016904166693620937
1483;26,201369066130724;26,203059482800086;00001;LF;1;0,0016904166693620937
1484;26,23316706605044;26,234857482719804;00001;LF;1;0,0016904166693620937
1485;26,26496506597016;26,26665548263952;00001;LF;1;0,0016904166693620937
1486;26,29676206588988;26,29845248255924;00001;LF;1;0,0016904166693620937
1487;26,328560065809597;26,33025048247896;00001;LF;1;0,0016904166693620937
1488;26,360358065729315;26,362048482398677;00001;LF;1;0,0016904166693620937
1489;26,392156065649033;26,393846482318395;00001;LF;1;0,0016904166693620937
1490;26,423953065568753;26,425643482238115;00001;LF;1;0,0016904166693620937
1491;26,45575106548847;26,457441482157833;00001;LF;1;0,0016904166693620937
1492;26,48754906540819;26,48923948207755;00001;LF;1;0,0016904166693620937
1493;26,519347065327906;26,52103748199727;00001;LF;1;0,0016904166693620937
1494;26,551145065247624;26,552835481916986;00001;LF;1;0,0016904166693620937
1495;26,582942065167344;26,584632481836707;00001;LF;1;0,0016904166693620937
1496;26,614740065087062;26,616430481756424;00001;LF;1;0,0016904166693620937
1497;26,64653806500678;26,648228481676142;00001;LF;1;0,0016904166693620937
1498;26,678336064926498;26,68002648159586;00001;LF;1;0,0016904166693620937
1499;26,710133064846218;26,71182348151558;00001;LF;1;0,0016904166693620937
1500;26,741931064765936;26,743621481435298;00001;LF;1;0,0016904166693620937
1501;26,773729064685654;26,775419481355016;00001;LF;1;0,0016904166693620937
1502;26,80552706460537;26,807217481274733;00001;LF;1;0,0016904166693620937
1503;26,83732506452509;26,83901548119445;00001;LF;1;0,0016904166693620937
1504;26,86912206444481;26,87081248111417;00001;LF;1;0,0016904166693620937
1505;26,900920064364527;26,90261048103389;00001;LF;1;0,0016904166693620937
1506;26,932718064284245;26,934408480953607;00001;LF;1;0,0016904166693620937
1507;26,964516064203963;26,966206480873325;00001;LF;1;0,0016904166693620937
1508;26,99631406412368;26,998003480793045;00001;LF;1;0,0016894166693646184
1509;27,0281110640434;27,029801480712763;00001;LF;1;0,0016904166693620937
1510;27,05990906396312;27,06159948063248;00001;LF;1;0,0016904166693620937
1511;27,091707063882836;27,0933974805522;00001;LF;1;0,0016904166693620937
1512;27,123505063802554;27,125195480471916;00001;LF;1;0,0016904166693620937
1513;27,155302063722274;27,156992480391636;00001;LF;1;0,0016904166693620937
1514;27,187100063641992;27,188790480311354;00001;LF;1;0,0016904166693620937
1515;27,21889806356171;27,220588480231072;00001;LF;1;0,0016904166693620937
1516;27,250696063481428;27,25238648015079;00001;LF;1;0,0016904166693620937
1517;27,282494063401145;27,284184480070508;00001;LF;1;0,0016904166693620937
1518;27,314291063320866;27,315981479990228;00001;LF;1;0,0016904166693620937
1519;27,346089063240584;27,347779479909946;00001;LF;1;0,0016904166693620937
1520;27,3778870631603;27,379577479829663;00001;LF;1;0,0016904166693620937
1521;27,40968506308002;27,41137547974938;00001;LF;1;0,0016904166693620937
1522;27,44148206299974;27,4431724796691;00001;LF;1;0,0016904166693620937
1523;27,473280062919457;27,47497047958882;00001;LF;1;0,0016904166693620937
1524;27,505078062839175;27,506768479508537;00001;LF;1;0,0016904166693620937
1525;27,536876062758893;27,538566479428255;00001;LF;1;0,0016904166693620937
1526;27,56867406267861;27,570364479347973;00001;LF;1;0,0016904166693620937
1527;27,60047106259833;27,602161479267693;00001;LF;1;0,0016904166693620937
1528;27,63226906251805;27,63395947918741;00001;LF;1;0,0016904166693620937
1529;27,664067062437766;27,66575747910713;00001;LF;1;0,0016904166693620937
1530;27,695865062357484;27,697555479026846;00001;LF;1;0,0016904166693620937
1531;27,727662062277204;27,729352478946566;00001;LF;1;0,0016904166693620937
1532;27,759460062196922;27,761150478866284;00001;LF;1;0,0016904166693620937
1533;27,79125806211664;27,792948478786002;00001;LF;1;0,0016904166693620937
1534;27,823056062036358;27,82474647870572;00001;LF;1;0,0016904166693620937
1535;27,854854061956075;27,856544478625437;00001;LF;1;0,0016904166693620937
1536;27,886651061875796;27,888341478545158;00001;LF;1;0,0016904166693620937
1537;27,918449061795513;27,920139478464876;00001;LF;1;0,0016904166693620937
1538;27,95024706171523;27,951937478384593;00001;LF;1;0,0016904166693620937
1539;27,98204506163495;27,98373547830431;00001;LF;1;0,0016904166693620937
1540;28,01384206155467;28,01553247822403;00001;LF;1;0,0016904166693620937
1541;28,045640061474387;28,04733047814375;00001;LF;1;0,0016904166693620937
1542;28,077438061394105;28,079128478063467;00001;LF;1;0,0016904166693620937
1543;28,109236061313823;28,110926477983185;00001;LF;1;0,0016904166693620937
1544;28,14103406123354;28,142724477902902;00001;LF;1;0,0016904166693620937
1545;28,17283106115326;28,174521477822623;00001;LF;1;0,0016904166693620937
1546;28,20462906107298;28,20631947774234;00001;LF;1;0,0016904166693620937
1547;28,236427060992696;28,23811747766206;00001;LF;1;0,0016904166693620937
1548;28,268225060912414;28,269915477581776;00001;LF;1;0,0016904166693620937
1549;28,300022060832134;28,301712477501496;00001;LF;1;0,0016904166693620937
1550;28,331820060751852;28,333510477421214;00001;LF;1;0,0016904166693620937
1551;28,36361806067157;28,365308477340932;00001;LF;1;0,0016904166693620937
1552;28,395416060591288;28,39710647726065;00001;LF;1;0,0016904166693620937
1553;28,427214060511005;28,428904477180367;00001;LF;1;0,0016904166693620937
1554;28,459011060430726;28,460701477100088;00001;LF;1;0,0016904166693620937
1555;28,490809060350443;28,492499477019805;00001;LF;1;0,0016904166693620937
1556;28,52260706027016;28,524297476939523;00001;LF;1;0,0016904166693620937
1557;28,55440506018988;28,55609547685924;00001;LF;1;0,0016904166693620937
1558;28,5862020601096;28,58789247677896;00001;LF;1;0,0016904166693620937
1559;28,618000060029317;28,61969047669868;00001;LF;1;0,0016904166693620937
1560;28,649798059949035;28,651488476618397;00001;LF;1;0,0016904166693620937
1561;28,681596059868752;28,683286476538115;00001;LF;1;0,0016904166693620937
1562;28,71339405978847;28,715084476457832;00001;LF;1;0,0016904166693620937
1563;28,74519105970819;28,746881476377553;00001;LF;1;0,0016904166693620937
1564;28,77698905962791;28,77867947629727;00001;LF;1;0,0016904166693620937
1565;28,808787059547626;28,810477476216988;00001;LF;1;0,0016904166693620937
1566;28,840585059467344;28,842275476136706;00001;LF;1;0,0016904166693620937
1567;28,872382059387064;28,874072476056426;00001;LF;1;0,0016904166693620937
1568;28,904180059306782;28,905870475976144;00001;LF;1;0,0016904166693620937
1569;28,9359780592265;28,93766847589586;00001;LF;1;0,0016904166693620937
1570;28,967776059146217;28,96946647581558;00001;LF;1;0,0016904166693620937